--
-- PostgreSQL database dump
--

-- Dumped from database version 9.5.6
-- Dumped by pg_dump version 9.5.6

SET statement_timeout = 0;
SET lock_timeout = 0;
SET client_encoding = 'UTF8';
SET standard_conforming_strings = on;
SET check_function_bodies = false;
SET client_min_messages = warning;
SET row_security = off;

--
-- Name: plpgsql; Type: EXTENSION; Schema: -; Owner: 
--

CREATE EXTENSION IF NOT EXISTS plpgsql WITH SCHEMA pg_catalog;


--
-- Name: EXTENSION plpgsql; Type: COMMENT; Schema: -; Owner: 
--

COMMENT ON EXTENSION plpgsql IS 'PL/pgSQL procedural language';


SET search_path = public, pg_catalog;

SET default_tablespace = '';

SET default_with_oids = false;

--
-- Name: __taxons_old; Type: TABLE; Schema: public; Owner: genetics-api
--

CREATE TABLE __taxons_old (
    id integer,
    english_name text,
    latin_name text,
    thumbnail_url text,
    taxonomy jsonb,
    gene text
);


ALTER TABLE __taxons_old OWNER TO "genetics-api";

--
-- Name: biotic_factors; Type: TABLE; Schema: public; Owner: genetics-api
--

CREATE TABLE biotic_factors (
    id integer NOT NULL,
    name text,
    marker_name text DEFAULT 'Cytochrome c'::text,
    taxon2_id integer NOT NULL,
    description text,
    taxon1_id integer NOT NULL,
    polyline jsonb DEFAULT '[]'::jsonb NOT NULL,
    type text DEFAULT 'abiotic'::text NOT NULL
);


ALTER TABLE biotic_factors OWNER TO "genetics-api";

--
-- Name: biotic_factors_id_seq; Type: SEQUENCE; Schema: public; Owner: genetics-api
--

CREATE SEQUENCE biotic_factors_id_seq
    START WITH 1
    INCREMENT BY 1
    NO MINVALUE
    NO MAXVALUE
    CACHE 1;


ALTER TABLE biotic_factors_id_seq OWNER TO "genetics-api";

--
-- Name: biotic_factors_id_seq; Type: SEQUENCE OWNED BY; Schema: public; Owner: genetics-api
--

ALTER SEQUENCE biotic_factors_id_seq OWNED BY biotic_factors.id;


--
-- Name: observations; Type: TABLE; Schema: public; Owner: genetics-api
--

CREATE TABLE observations (
    id integer NOT NULL,
    taxon_id integer NOT NULL,
    latitude double precision NOT NULL,
    longitude double precision NOT NULL
);


ALTER TABLE observations OWNER TO "genetics-api";

--
-- Name: observations_id_seq; Type: SEQUENCE; Schema: public; Owner: genetics-api
--

CREATE SEQUENCE observations_id_seq
    START WITH 1
    INCREMENT BY 1
    NO MINVALUE
    NO MAXVALUE
    CACHE 1;


ALTER TABLE observations_id_seq OWNER TO "genetics-api";

--
-- Name: observations_id_seq; Type: SEQUENCE OWNED BY; Schema: public; Owner: genetics-api
--

ALTER SEQUENCE observations_id_seq OWNED BY observations.id;


--
-- Name: phylogenetic_images; Type: TABLE; Schema: public; Owner: genetics-api
--

CREATE TABLE phylogenetic_images (
    taxon1_id integer NOT NULL,
    taxon2_id integer NOT NULL,
    image_url text
);


ALTER TABLE phylogenetic_images OWNER TO "genetics-api";

--
-- Name: taxons; Type: TABLE; Schema: public; Owner: genetics-api
--

CREATE TABLE taxons (
    id integer NOT NULL,
    english_name text,
    latin_name text,
    thumbnail_url text,
    taxonomy jsonb DEFAULT '{}'::jsonb NOT NULL,
    gene text DEFAULT 'Cytochrome c'::text,
    sequence text
);


ALTER TABLE taxons OWNER TO "genetics-api";

--
-- Name: taxons_id_seq; Type: SEQUENCE; Schema: public; Owner: genetics-api
--

CREATE SEQUENCE taxons_id_seq
    START WITH 1
    INCREMENT BY 1
    NO MINVALUE
    NO MAXVALUE
    CACHE 1;


ALTER TABLE taxons_id_seq OWNER TO "genetics-api";

--
-- Name: taxons_id_seq; Type: SEQUENCE OWNED BY; Schema: public; Owner: genetics-api
--

ALTER SEQUENCE taxons_id_seq OWNED BY taxons.id;


--
-- Name: id; Type: DEFAULT; Schema: public; Owner: genetics-api
--

ALTER TABLE ONLY biotic_factors ALTER COLUMN id SET DEFAULT nextval('biotic_factors_id_seq'::regclass);


--
-- Name: id; Type: DEFAULT; Schema: public; Owner: genetics-api
--

ALTER TABLE ONLY observations ALTER COLUMN id SET DEFAULT nextval('observations_id_seq'::regclass);


--
-- Name: id; Type: DEFAULT; Schema: public; Owner: genetics-api
--

ALTER TABLE ONLY taxons ALTER COLUMN id SET DEFAULT nextval('taxons_id_seq'::regclass);


--
-- Data for Name: __taxons_old; Type: TABLE DATA; Schema: public; Owner: genetics-api
--

COPY __taxons_old (id, english_name, latin_name, thumbnail_url, taxonomy, gene) FROM stdin;
12	Western pearlshell	Margaritifera falcata	\N	{"class": null, "genus": "Margaritifera", "order": "Unionoida", "family": "Margaritiferidae", "phylum": "Mollusca", "kingdom": "Animalia", "subphylum": "Bivalvia"}	Cytochrome c
15	American Bison	Bison bison bison	https://upload.wikimedia.org/wikipedia/commons/thumb/8/8d/American_bison_k5680-1.jpg/440px-American_bison_k5680-1.jpg	{"class": "Mammalia", "genus": "Bison", "order": "Artiodactyla", "family": "Bovidae", "phylum": "Chordata", "kingdom": "Animalia", "subphylum": "Vertebrata"}	Cytochrome c
3	Mule deer	Odocoileus hemionus	https://upload.wikimedia.org/wikipedia/commons/thumb/c/ce/2012-mule-deer-male.jpg/440px-2012-mule-deer-male.jpg	{"class": "Mammalia", "genus": "Odocoileus", "order": "Artiodactyla", "family": "Cervidae", "phylum": "Chordata", "kingdom": "Animalia", "subphylum": "Vertebrata"}	Cytochrome c
4	White-tailed deer	Odocoileus virginianus	https://upload.wikimedia.org/wikipedia/commons/thumb/b/b7/White-tailed_deer.jpg/440px-White-tailed_deer.jpg	{"class": "Mammalia", "genus": "Odocoileus", "order": "Artiodactyla", "family": "Cervidae", "phylum": "Chordata", "kingdom": "Animalia", "subphylum": "Vertebrata"}	Cytochrome c
1	American black bear	Ursus americanus	https://upload.wikimedia.org/wikipedia/commons/0/08/01_Schwarzb%C3%A4r.jpg	{"class": "Mammalia", "genus": "Ursus", "order": "Carnivora", "family": "Ursidae", "phylum": "Chordata", "kingdom": "Animalia", "subphylum": "Vertebrata"}	Cytochrome c
2	Brown bear	Ursus arctos	https://upload.wikimedia.org/wikipedia/commons/thumb/7/71/2010-kodiak-bear-1.jpg/440px-2010-kodiak-bear-1.jpg	{"class": "Mammalia", "genus": "Ursus", "order": "Carnivora", "family": "Ursidae", "phylum": "Chordata", "kingdom": "Animalia", "subphylum": "Vertebrata"}	Cytochrome c
5	Central American Snapping Turtle	Chelydra rossignonii	https://static.inaturalist.org/photos/4668354/large.jpeg?1472141290	{"class": "Reptilia", "genus": "Chelydra", "order": "Testudines", "family": "Chelydridae", "phylum": "Chordata", "kingdom": "Animalia", "subphylum": "Vertebrata"}	Cytochrome c
6	Common Snapping Turtle	Chelydra serpentina	https://farm4.staticflickr.com/3175/2850135743_563b1b7a3e.jpg	{"class": "Reptilia", "genus": "Chelydra", "order": "Testudines", "family": "Chelydridae", "phylum": "Chordata", "kingdom": "Animalia", "subphylum": "Vertebrata"}	Cytochrome c
7	Sitka spruce	Picea sitchensis	https://upload.wikimedia.org/wikipedia/commons/thumb/9/9e/QuinaltSpruce_7246c.jpg/500px-QuinaltSpruce_7246c.jpg	{"class": "Pinopsida", "genus": "Picea", "order": "Pinales", "family": "Pinaceae", "phylum": "Tracheophyta", "kingdom": "Plantae", "subphylum": "Pinophyta"}	Cytochrome c
8	Black spruce	Picea mariana	https://upload.wikimedia.org/wikipedia/commons/thumb/4/47/Black_spruce_stand_at_Arctic_Chalet%2C_Inuvik%2C_NT.jpg/440px-Black_spruce_stand_at_Arctic_Chalet%2C_Inuvik%2C_NT.jpg	{"class": "Pinopsida", "genus": "Picea", "order": "Pinales", "family": "Pinaceae", "phylum": "Tracheophyta", "kingdom": "Plantae", "subphylum": "Pinophyta"}	Cytochrome c
9	American bumblebee	Bombus pensylvanicus	https://upload.wikimedia.org/wikipedia/commons/thumb/5/5d/Bumblebee%2C_Albuquerque_PP_Sharp_Low.JPG/440px-Bumblebee%2C_Albuquerque_PP_Sharp_Low.JPG	{"class": "Insecta", "genus": "Bombus", "order": "Hymenoptera", "family": "Apidae", "phylum": "Arthropoda", "kingdom": "Animalia", "subphylum": "Hexapoda"}	Cytochrome c
10	Common eastern bumblebee	Bombus impatiens	https://upload.wikimedia.org/wikipedia/commons/thumb/a/a5/Bombus_impatiens%2C_f%2C_queen%2C_charles_co_%2818239590966%29.jpg/440px-Bombus_impatiens%2C_f%2C_queen%2C_charles_co_%2818239590966%29.jpg	{"class": "Insecta", "genus": "Bombus", "order": "Hymenoptera", "family": "Apidae", "phylum": "Arthropoda", "kingdom": "Animalia", "subphylum": "Hexapoda"}	Cytochrome c
11	Freshwater pearl mussel	Margaritifera margaritifera	https://upload.wikimedia.org/wikipedia/commons/thumb/e/ed/Margaritifera_margaritifera-buiten.jpg/440px-Margaritifera_margaritifera-buiten.jpg	{"class": null, "genus": "Margaritifera", "order": "Unionoida", "family": "Margaritiferidae", "phylum": "Mollusca", "kingdom": "Animalia", "subphylum": "Bivalvia"}	Cytochrome c
16	Woods Bison	Bison bison ssp. athabascae	https://farm4.staticflickr.com/3510/3884993701_c1c5c3b6fd.jpg	{"class": "Mammalia", "genus": "Bison", "order": "Artiodactyla", "family": "Bovidae", "phylum": "Chordata", "kingdom": "Animalia", "subphylum": "Vertebrata"}	Cytochrome c
13	Coast redwood	Sequoia sempervirens	https://upload.wikimedia.org/wikipedia/commons/thumb/0/03/US_199_Redwood_Highway.jpg/440px-US_199_Redwood_Highway.jpg	{"class": "Pinopsida", "genus": "Sequoia", "order": "Pinales", "family": "Cupressaceae", "phylum": "Tracheophyta", "kingdom": "Plantae", "subphylum": "Pinophyta"}	Cytochrome c
14	Giant sequoia	Sequoiadendron giganteum	https://upload.wikimedia.org/wikipedia/commons/thumb/1/1c/Grizzly_Giant_Mariposa_Grove.jpg/440px-Grizzly_Giant_Mariposa_Grove.jpg	{"class": "Pinopsida", "genus": "Sequoiadendron", "order": "Pinales", "family": "Cupressaceae", "phylum": "Tracheophyta", "kingdom": "Plantae", "subphylum": "Pinophyta"}	Cytochrome c
\.


--
-- Data for Name: biotic_factors; Type: TABLE DATA; Schema: public; Owner: genetics-api
--

COPY biotic_factors (id, name, marker_name, taxon2_id, description, taxon1_id, polyline, type) FROM stdin;
\.


--
-- Name: biotic_factors_id_seq; Type: SEQUENCE SET; Schema: public; Owner: genetics-api
--

SELECT pg_catalog.setval('biotic_factors_id_seq', 13, true);


--
-- Data for Name: observations; Type: TABLE DATA; Schema: public; Owner: genetics-api
--

COPY observations (id, taxon_id, latitude, longitude) FROM stdin;
27986	30	29.8782759999999996	-98.3634530000000069
27987	30	-37.797305999999999	175.300083000000001
27988	30	10.2313013300000009	-75.4248820800000033
27989	30	32.754055000000001	-117.094886166699993
27990	30	19.4698035902000015	-96.9475366860000065
27991	30	42.3626190000000022	-71.2609719999999953
27992	30	30.2431270000000012	-97.8032649999999961
27993	30	34.7763327178999972	-76.5060671731999946
27994	30	-43.6433086312	172.469736999100007
27995	30	31.7691669463999986	-106.506111145000006
27996	30	40.4850583333000031	-74.481979999999993
27997	30	53.4312194031999965	10.2711868285999994
27998	30	45.1304284786999972	10.4042663053000002
27999	30	30.2420089021999985	-97.7588456311000016
28000	30	35.4944383333000033	-96.2330466667000053
28001	30	21.8017225842000002	-99.1813087461000009
28002	30	31.7705878000000013	-106.503446999999994
28003	30	29.6164783649000007	-82.3761951272000061
28004	30	29.6451898000000007	-82.3438672000000054
28005	30	39.0166372201000016	-77.0333514456000046
28006	30	39.0177333333000007	-77.0327000000000055
28007	30	33.2233865671000004	-97.0287067817999969
28008	30	40.2924390323999972	-74.7333634179999962
28009	30	43.1851921457000003	-92.1311262109000069
28010	30	34.4036763371999967	-119.480789712000004
28011	30	17.0285461285999986	-96.6976777459999965
28012	30	32.2240676879999981	-110.947052002000007
28013	30	19.479411666699999	-99.112572166700005
28014	30	32.7468649999999997	-97.275739999999999
28015	30	30.4249280000000013	-95.4799419999999941
28016	30	30.1213034364999999	-97.3410102720000054
28017	30	29.7214430000000007	-95.3442359999999951
28018	30	32.6913666666999987	-97.1914450000000016
28019	30	19.4696180126000016	-96.9477769730000034
28020	30	31.8947219848999985	-106.578613281299994
28021	30	30.0725916666999993	-97.6004333333000034
28022	30	30.2489866666999987	-97.796403333300006
28023	30	47.7119293212999978	-122.3787231445
28024	30	38.3118665661000009	-82.7436596682999976
28025	30	36.1308986156999978	-86.8182421081999962
28026	30	32.0130810162999992	35.8734361449999994
28027	30	38.0069166667000005	-122.494124999999997
28028	30	29.7206827484999998	-95.3421770157000026
28029	30	31.7595539092999992	-106.488548278799996
28030	30	-33.6866500000000002	151.225538333299994
28031	30	37.8138746999999995	-122.166090100000005
28032	30	32.6412543681000002	-97.0516179300999937
28033	30	30.5787679284999996	-97.7933384594000046
28034	30	47.6735030999999978	-122.298761499999998
28035	30	32.9124419999999986	-96.7076249999999931
28036	30	34.1072253967000023	-118.076654202300006
28037	30	42.6372116666999972	-70.7244950000000046
28038	30	33.0650049999999993	-96.9644283333000061
28039	30	33.8675217004999993	-118.379666945099999
28040	30	35.2169333332999983	-97.466736666700001
28041	30	34.0921462360999996	-118.2633437251
28042	30	40.7629745099999994	-111.82283185
28043	30	37.349627599999998	-122.260154600000007
28044	30	35.9991518687999985	-78.5068265721999978
28045	30	29.7223089029999983	-95.3399668449000046
28046	30	33.2297596041000034	-97.1465567463999946
28047	30	34.1052439962000022	-118.186914679500006
28048	30	40.150433900400003	-86.8180262048999936
28049	30	33.4086468257000035	-94.0711920429999964
28050	30	34.2133860197000033	-118.306829593800003
28051	30	26.109880779600001	-81.6937929027999985
28052	30	30.6973691550999987	-95.6063045133000031
28053	30	-43.6398379999999975	172.486574999999988
28054	30	42.9299856900000023	-80.2848967099999982
28055	30	47.6988296389000013	-122.370590194399995
28056	30	6.55948416269999957	79.9721807240999993
28057	30	30.2453029648000005	-97.8270010650000046
28058	30	35.1903443895999999	-97.2726076387999967
28059	30	35.2138961249000033	-97.4324883665999977
28060	30	35.2141251974000014	-97.4330391270000007
28061	30	35.5325622558999967	-96.2639160156000031
28062	30	25.5633683771000015	-108.4337067604
28063	30	30.1564221667000005	-97.4641583333000057
28064	30	25.5633345020999982	-108.4336638451
28065	30	38.4654694999999975	-123.008888600000006
28066	30	30.2423583333000003	-97.5797583333000063
28067	30	-16.5558966667000007	-68.6718050000000062
28068	30	43.2121819999999985	-79.9183060000000012
28069	30	40.4696779000000006	-82.9518355000000014
28070	30	25.3575716667000002	-108.164147166700005
28071	30	19.4240333332999988	-99.178597222199997
28072	30	32.7726066588000009	-97.0937312859999935
28073	30	31.8989750000000001	-106.514217000000002
28074	30	19.6420613999999993	-98.9107372999999939
28075	30	5.78705412950000042	-76.0141468048000064
28076	30	32.9024102585999998	-117.120134867800004
28077	30	-29.8842970299000008	-71.2261321390000006
28078	30	20.6786652000000011	-101.354496400000002
28079	30	32.6346837406000034	-117.006853463499993
28080	30	49.0592279999999974	8.59723199999999999
28081	30	34.0049640000000011	-84.0106530000000049
28082	30	18.8955068345000008	-99.150216579399995
28083	30	23.1845508074999991	-106.215047907799999
28084	30	-41.2944825112000018	174.790214001999999
28085	30	-39.0675914039000034	174.105138774300002
28086	30	45.1382139999999978	10.435924
28087	30	22.0424172212999991	-159.337034225499991
28088	30	37.7764824718000014	-122.285341107700006
28089	30	43.6847362713999985	11.2977711484000007
28090	30	43.3841656735000001	-70.8271753410000002
28091	30	34.0748031903000026	-118.025933951200003
28092	30	24.2388190773000005	-97.8042465447999945
28093	30	34.0657888332999974	-118.168541666699994
28094	30	34.0641109999999969	-118.169807000000006
28095	30	18.8101067999999998	-97.1802433999999948
28096	30	32.925378450700002	-96.6477675584000053
28097	30	32.819625000000002	-97.2560200000000066
28098	30	32.8193033332999988	-97.2559799999999939
28099	30	33.401458599999998	-97.1810885999999954
28100	30	38.6692741700000013	-121.456374139999994
28101	30	34.064900999999999	-118.166437000000002
28102	30	20.6302941444000005	-102.849626541099994
28103	30	32.5595866666999996	-97.0625528333000034
28104	30	32.7087138889000002	-97.0876999999999981
28105	30	25.7294508372000017	-100.308447010699993
28106	30	19.5189512000000001	-96.9076234000000056
28107	30	25.0009059905999997	56.3256111144999991
28108	30	36.9570555025999994	-122.061879588400004
28109	30	40.8464916666999969	-99.9494033332999976
28110	30	33.0067049386000022	-96.3598484918999958
28111	30	38.363753154500003	-122.512182712400005
28112	30	45.3998699189000021	10.2861805729999993
28113	30	45.3998587411999992	10.2861583307999993
28114	30	34.9537252555999984	-85.3803761906000034
28115	30	39.7607500000000016	-82.4700866666999985
28116	30	34.9536959531999969	-85.380446453700003
28117	30	32.5380583333000004	-116.926225000000002
28118	30	38.8143450600000008	-77.0737743499999937
28119	30	38.9592280944999985	-94.7082185590000023
28120	30	32.9740598998999985	-96.6410818128999978
28121	30	44.5649743219999976	-69.6623086464000068
28122	30	38.8274077972000029	-77.0526273920000051
28123	30	32.6108620657999992	-85.0263579778000036
28124	30	19.0405559539999985	-69.3911132812999938
28125	30	41.8245847881999993	12.4356449636999997
28126	30	39.7945283333000006	-82.6971883333000051
28127	30	29.8912800842000017	-97.9379749283999956
28128	30	39.7353332396999974	-82.7577116993000033
28129	30	39.8046466918999968	-82.7062537257999963
28130	30	21.3475835144000001	-101.905059814500007
28131	30	32.7268957	-97.0898479100000031
28132	30	31.8440053773999985	-106.492118686400005
28133	30	38.3997423993999973	-121.371774645100004
28134	30	29.8612821862999986	-95.472455349599997
28135	30	34.0021279894000017	-118.103890914199994
28136	30	34.0021279894000017	-118.103890914199994
28137	30	32.6882357881999965	-97.0962655296000037
28138	30	29.9091883530000011	-95.4718857775999936
28139	30	25.8731888888999997	-100.052519444400005
28140	30	37.7205162687999973	-112.286853231500004
28141	30	39.7948883333000012	-82.6974950000000035
28142	30	18.5231930047000013	73.8166153049999991
28143	30	31.7655959999999986	-106.498547000000002
28144	30	31.8440599999999989	-106.555420999999996
28145	30	38.4104184999999987	-121.381625400000004
28146	30	41.869532999999997	12.4323270000000008
28147	30	40.8021331859999989	-99.9548155813999983
28148	30	32.4701265425999992	-116.9478812559
28149	30	42.2352790833	-71.2238922118999938
28150	30	37.7550799999999995	-122.443291666700006
28151	30	40.6741600037000026	-82.0977783202999944
28152	30	1.34390000000000009	103.683943999999997
28153	30	1.34423300000000001	103.680142000000004
28154	30	1.3493663508	103.685251660000006
28155	30	25.7998911821000014	-74.5312518479999966
28156	30	14.9737706799999994	-24.3585341
28157	30	32.4520128917000008	-97.0361434751000047
28158	30	38.0522367599999995	-97.775431900000001
28159	30	38.4338856954000008	-78.8604063447999977
28160	30	43.647714999999998	-79.4014049999999969
28161	30	32.5161810421000013	-96.8473543966999983
28162	30	36.1156070999999983	-97.0583680999999956
28163	30	45.3991749999999996	11.9393550000000008
28164	30	32.7357406615999977	-97.1200790405000021
28165	30	30.2855333332999983	-98.0627888333000044
28166	30	42.8563609999999997	74.590629000000007
28167	30	30.6578166667000005	-96.8173833333000005
28168	30	25.8022791381999994	-100.227726325399999
28169	30	42.4221283333000017	-76.5176083333000037
28170	30	37.3157584	-121.927376300000006
28171	30	40.7323749999999976	-77.8833300000000008
28172	30	25.7267469999999996	-100.311592000000005
28173	30	33.1688287945000013	-97.0839153916000015
28174	30	40.861294283600003	-82.3191588745000047
28175	30	40.8619119856000026	-82.3171037894999955
28176	30	32.7126331162000028	-97.1118621157000064
28177	30	40.0184832883999988	-74.7402638566999968
28178	30	25.7765258999999993	-100.274024100000005
28179	30	44.7147894000000008	20.5199396999999983
28180	30	44.7147894000000008	20.5199396999999983
28181	30	19.5437751000000013	-96.9101806000000039
28182	30	44.6371619999999965	-63.5928479999999965
28183	30	32.6595734300000018	-97.1094923899999998
28184	30	32.5794313620000011	-97.2951777603000068
28185	30	32.6697251000000009	-97.1388079000000033
28186	30	32.7342849999999999	-97.1154020000000031
28187	30	35.146611	-89.988617000000005
28188	30	25.7087378199999996	-100.301827189999997
28189	30	36.9830154721	-86.4555035345999983
28190	30	36.9873140899999981	-86.4528946500000046
28191	30	36.9872095249999973	-86.4527616464000062
28192	30	44.6364398114999972	-63.5923406482000004
28193	30	44.7681540017999993	-93.1954110693999951
28194	30	32.7673557122000005	-97.0975489262999929
28195	30	32.7307135100000011	-97.1134415176999966
28196	30	32.7278512999999975	-117.0118686
28197	30	40.0266685486	-81.5652770995999958
28198	30	32.7961785918000004	35.6647142109000015
28199	30	39.2136545485999974	-75.6299114364999951
28200	30	41.5060133611000026	-81.6615522130999949
28201	30	25.7116705866000004	-100.245496165600002
28202	30	25.7334637382999993	-100.233955420599997
28203	30	35.8892017777000021	-78.732619568399997
28204	30	35.1715234492999969	24.4194316863999994
28205	30	17.9985040968000014	-93.3748626709000007
28206	30	33.4735393500000029	-112.041835770000006
28207	30	32.7367555555999985	-94.1762777777999958
28208	30	37.8623866100000015	-84.6471564200000017
28209	30	44.7147894000000008	20.5199396999999983
28210	30	45.0825004578000019	-90.3555526732999965
28211	30	48.5506293895000027	-123.024672315800004
28212	30	43.6060130514999997	-83.0398244863999935
28213	30	39.8833716667000004	-83.4624533333000045
28214	30	39.8261734563999994	-84.2470094283000037
28215	30	30.1778616667000001	-95.461119999999994
28216	30	29.2036613357000014	-96.2759917416999969
28217	30	47.7722434997999983	8.82901859280000068
28218	30	49.4983627000000013	5.97726039999999958
28219	30	32.7682169999999999	35.7370579999999975
28220	30	37.5245712999999981	-120.856888699999999
28221	30	37.5288067258000027	-120.8601232603
28222	30	46.4154049999999998	-63.0744694999999993
28223	30	38.2975006104000002	128.138061523400012
28224	30	38.2902793884000019	128.145553588899986
28225	30	32.6097366667000017	-117.056716666699998
28226	30	39.2437250632999977	-76.5968552883999934
28227	30	42.4681560000000005	9.47518200000000022
28228	30	32.2456861803999999	-110.900693734900003
28229	30	42.8664083333000008	-112.429575
28230	30	45.0592177269000018	-92.9409274366999938
28231	30	-45.8601480000000024	170.516554000000014
28232	30	44.5057025746000008	-73.2379690367999956
28233	30	41.1506543867999994	-73.9694284644999982
28234	30	33.8157236763000029	-80.8288398945000068
28235	30	35.8489273348999973	-106.427297908900002
28236	30	30.3857795300999989	-81.4975395536000065
28237	30	40.2911711437999998	-96.8353530206999977
28238	30	38.6941330427000025	-77.0657084122999976
28239	30	30.385311269999999	-81.5021079200000003
28240	30	44.4904221322000026	-73.2122626228999991
28241	30	38.9058550000000025	-77.0937040000000025
28242	30	30.3856828832999994	-81.4977414681000027
28243	30	44.4733316219000017	-73.2215881069000005
28244	30	44.474004882700001	-73.2052743012000064
28245	30	39.3688237109000028	-77.3841743265000019
28246	30	39.935084762999999	-77.5910268724999952
28247	30	-45.8592420000000018	170.521755000000013
28248	30	38.2636299999999991	-77.4813916667000058
28249	30	32.6919441223000007	-97.1913909911999951
28250	30	46.9998549999999966	6.94025833330000008
28251	30	33.3050521603000007	-111.815966628599995
28252	30	38.0489172460999967	-122.688661627599998
28253	30	35.1418800000000005	-89.8306989999999956
28254	30	34.5023029999999977	-97.9578130000000016
28255	30	1.3113220000000001	103.778653000000006
28256	30	29.6451719999999987	-82.3448290000000043
28257	30	40.5409819999999996	-78.4099279999999936
28258	30	34.1325713275999973	-118.057430045999993
28259	30	32.7253146003999973	-96.9032844901999937
28260	30	37.1955409500000016	-88.8010976500000027
28261	30	32.7460806925000014	-97.2759952023999972
28262	30	41.0611194999999967	-74.3277133332999966
28263	30	40.4804749999999984	-74.4359450000000038
28264	30	34.0453760884999994	-118.448220184199997
28265	30	18.3169110888999995	-66.6913327575000068
28266	30	18.2947044504000012	-66.5852125504000014
28267	30	34.017704240999997	-118.288080403699993
28268	30	34.0166804999999997	-118.287054999999995
28269	30	34.0165555499999996	-118.287353333300004
28270	30	37.802855000000001	-122.266236666699996
28271	30	34.0208679484999976	-118.4885824845
28272	30	34.2001971741999995	-118.164966590800006
28273	30	34.0954426770000012	-118.416562072800005
28274	30	35.6199060000000003	-82.5543420000000054
28275	30	32.7091294000000019	-97.3589566999999931
28276	30	32.7042585891000002	-97.3681370448999957
28277	30	36.7470377169999978	-119.701023933299993
28278	30	32.7169999999999987	-116.998275000000007
28279	30	32.747116666700002	-116.920074999999997
28280	30	32.5599259999999973	-97.1500869999999992
28281	30	32.7033716667000007	-97.368186666699998
28282	30	39.7285598686000014	-75.7677398043000068
28283	30	30.1720930000000003	-97.8670249999999982
28284	30	19.1255030999999995	73.0149849000000017
28285	30	25.4252049999999983	55.699545999999998
28286	30	37.9757499999999979	-122.534966666700001
28287	30	40.4917752550000003	-74.4224400389000067
28288	30	40.2236151317000008	-74.7325696535999953
28289	30	32.7465466666999987	-97.2670600000000007
28290	30	32.7483266667000024	-97.2676050000000032
28291	30	37.8136775828999987	-122.175855618100002
28292	30	36.8421999999999983	-119.754630000000006
28293	30	22.2342580000000005	-100.863975999999994
28294	30	-39.6874320000000012	176.896265999999997
28295	30	32.4935882074999967	-97.1362410006999966
28296	30	45.500397999999997	1.19816499999999992
28297	30	47.6548540000000003	-122.294511999999997
28298	30	34.1382380000000012	-118.074224999999998
28299	30	34.1883139999999983	-118.103273999999999
28300	30	37.3021630000000002	-120.482968
28301	30	37.5612216666999998	-121.1472028333
28302	30	40.7763259999999974	-74.429388000000003
28303	30	-31.7982300000000002	115.745445000000004
28304	30	39.533887049999997	-105.071950709999996
28305	30	38.020938000000001	-121.327933999999999
28306	30	18.4051159999999996	-66.0508769999999998
28307	30	32.5333910000000017	-95.3671860000000038
28308	30	33.934387000000001	-118.184190999999998
28309	30	18.2647529999999989	-66.0464139999999986
28310	30	34.1713160715000015	-118.576296355400004
28311	30	18.2186160000000008	-66.1866219999999998
28312	30	20.5819699999999983	-100.376688999999999
28313	30	18.4046100000000017	-66.0501509999999996
28314	30	40.0718869999999967	-76.4180419999999998
28315	30	27.8369509999999991	-97.0923609999999968
28316	30	36.9607916487999972	-122.117819259300006
28317	30	35.1423539999999974	-89.8227669999999989
28318	30	21.3041710000000002	-157.825796999999994
28319	30	35.9361699999999971	-76.356970000000004
28320	30	35.9361460000000008	-76.3568340000000063
28321	30	32.6116159999999979	-116.947174000000004
28322	30	33.2019739999999999	-96.6498140000000063
28323	30	40.8172384200000025	-73.948539310000001
28324	30	40.7747189999999975	-74.4299129999999991
28325	30	-20.367246999999999	57.7366370000000018
28326	30	37.8722877499999981	-122.2412872222
28327	30	18.4017890000000008	-66.0484710000000064
28328	30	44.3673829999999967	11.2894880000000004
28329	30	44.6990600000000029	-73.0092590000000001
28330	30	44.9473831000000033	11.4215564000000001
28331	30	20.8098379999999992	-102.799576999999999
28332	30	46.5637283332999985	7.8879633333000001
28333	30	43.5322749999999985	-71.2625290000000007
28334	30	20.8222389999999997	-102.752464000000003
28335	30	43.4090849999999975	-79.7809759999999955
28336	30	37.4625130000000013	-77.6052629999999937
28337	30	32.750587000000003	-97.3746160000000032
28338	30	37.5215835571000014	-120.850456237800003
28339	30	37.5342610000000008	-120.832490000000007
28340	30	20.6299370000000017	-102.850031000000001
28341	30	20.6302209999999988	-102.850514000000004
28342	30	37.5573320000000024	-97.3369660000000039
28343	30	41.2088620000000034	-73.183880000000002
28344	30	41.2088620000000034	-73.183880000000002
28345	30	26.8697119999999998	-101.947802999999993
28346	30	45.3990360000000024	11.9393689999999992
28347	30	37.2565533332999976	-121.002341666700005
28348	30	41.2102930000000001	-73.183567999999994
28349	30	41.2120230000000021	-73.1793169999999975
28350	30	32.7536879999999968	-96.849694999999997
28351	30	37.5239199999999968	-120.855242000000004
28352	30	20.6666360000000005	-103.156300000000002
28353	30	47.6542420000000035	-122.292385999999993
28354	30	47.6601989999999986	-122.137376000000003
28355	30	41.1490239999999972	-73.9692349999999976
28356	30	47.6558399999999978	-122.293064999999999
28357	30	47.6567369999999997	-122.287120999999999
28358	30	34.0227068928000023	-98.4990150654000018
28359	30	47.313715000000002	-122.404786000000001
28360	30	41.2102569999999986	-73.1837150000000065
28361	30	47.6550399999999996	-122.290476999999996
28362	30	38.2731679999999983	-122.637179000000003
28363	30	32.7393509999999992	-117.032613999999995
28364	30	41.2111260000000001	-73.1814949999999982
28365	30	41.2116716666999992	-73.1810250000000053
28366	30	41.2114570000000029	-73.1805920000000043
28367	30	41.2117549999999966	-73.1811320000000052
28368	30	41.2116720000000001	-73.1810239999999936
28369	30	37.9311999999999969	-78.020781999999997
28370	30	34.2192569999999989	-116.969409999999996
28371	30	44.5367357320999986	-72.0087718126000027
28372	30	20.8171670000000013	-102.753636
28373	30	37.5557333332999974	126.977286666699996
28374	30	24.2068900000000014	-102.480468999999999
28375	30	24.8296939999999999	-99.5835110000000014
28376	30	49.8843999999999994	-97.1470400000000041
28377	30	20.8098059999999982	-102.765232999999995
28378	30	20.6302139999999987	-102.844562999999994
28379	30	34.1005170000000035	-118.130594000000002
28380	30	34.0864721666999984	-117.970695000000006
28381	30	29.4722116667000016	-98.7421283333000019
28382	30	47.4389987500000032	-114.171975770000003
28383	30	41.9536019999999965	-87.6520529999999951
28384	30	18.4028069999999992	-66.0501370000000065
28385	30	37.7948090000000008	-122.394774999999996
28386	30	37.7817633332999989	-122.410719999999998
28387	30	30.3835160000000002	-97.0254800000000017
28388	30	59.2770349999999979	16.5451149999999991
28389	30	32.8782179999999968	-97.2787210000000044
28390	30	25.8506490000000007	-100.529248999999993
28391	30	38.0789820000000034	-121.272054999999995
28392	30	39.8944506799999985	-74.5746161099999938
28393	30	37.7468216667000007	-122.414566666699997
28394	30	40.4547370000000015	-74.4702340000000049
28395	30	40.396175999999997	-74.4318209999999993
28396	30	-25.1346475882	31.1909677360999993
28397	30	37.7531283332999976	-122.5065383333
28398	30	-40.1424662793000024	175.970546843600005
28399	30	18.3882769999999987	-66.0423760000000044
28400	30	18.4043920000000014	-65.9734990000000039
28401	30	18.4088889999999985	-66.0617850000000004
28402	30	30.3899889999999999	-95.723433
28403	30	-38.9960299999999975	174.25660400000001
28404	30	19.461310000000001	-99.0840139999999963
28405	30	47.6433150000000012	-122.302040000000005
28406	30	-34.4129989999999992	-58.916286999999997
28407	30	34.0961110000000005	-118.105833000000004
28408	30	41.5301380000000009	-70.6724420000000038
28409	30	47.6542180000000002	-122.293172999999996
28410	30	19.7813830000000017	-99.0177369999999968
28411	30	19.7807369999999985	-99.0189409999999981
28412	30	19.7807630000000003	-99.0189220000000034
28413	30	19.3884809999999987	-99.0870759999999962
28414	30	30.3039920000000009	-97.7121300000000019
28415	30	18.3852259999999994	-66.0490549999999956
28416	30	18.3528979999999997	-65.9537190000000066
28417	30	18.4107330000000005	-66.1708639999999946
28418	30	45.3993079999999978	11.9393919999999998
28419	30	47.6558040000000034	-122.292533000000006
28420	30	42.351618000000002	-71.1011290000000002
28421	30	42.3516199999999969	-71.1011278332999979
28422	30	-36.8825570265000025	174.852500259900012
28423	30	-37.0236736000000022	174.898280499999998
28424	30	-43.3673642259999994	172.592921555000004
28425	30	-43.5095945999999998	172.57579179999999
28426	30	-39.0732344509000029	174.104939103100008
28427	30	-43.4170853768000029	172.776783752999989
28428	30	-43.4857883752999967	172.724225961200005
28429	30	43.6833329999999975	-79.7666669999999982
28430	30	38.8997150000000005	-77.0485989999999958
28431	30	40.1331139999999991	-105.115538999999998
28432	30	37.2842719300000027	-122.298541740000005
28433	30	37.9764029999999977	-122.534622999999996
28434	30	37.9513999999999996	-122.536828999999997
28435	30	47.6761932372999979	-122.346191406299994
28436	30	32.9616092440000017	-96.7821124684000011
28437	30	50.9330440000000024	-119.092335000000006
28438	30	43.7060966666999988	-70.2409283333000047
28439	30	34.0393810899999991	-118.286164709999994
28440	30	47.6558040000000034	-122.292533000000006
28441	30	24.8293859999999995	-99.5827599999999933
28442	30	40.6013129999999975	-74.5326299999999975
28443	30	38.083599999999997	-87.629099999999994
28444	30	38.083599999999997	-87.629099999999994
28445	30	38.083599999999997	-87.629099999999994
28446	30	41.8157860000000028	-72.2628310000000056
28447	30	36.8004820000000024	-119.641358999999994
28448	30	36.8005080000000007	-119.641345999999999
28449	30	36.8005229999999983	-119.641394000000005
28450	30	29.8880400000000002	-97.9076929999999948
28451	30	32.9737480000000005	-97.3491939999999971
28452	30	40.7327480000000008	-74.9252970000000005
28453	30	38.6805230000000009	-121.069569999999999
28454	30	38.6826250000000016	-121.073136166699996
28455	30	38.6826250000000016	-121.073136166699996
28456	30	37.6277550000000005	-121.758725999999996
28457	30	30.3836730000000017	-97.025732000000005
28458	30	38.6771159999999981	-121.069472000000005
28459	30	47.3752190000000013	-122.318420000000003
28460	30	38.1952449999999999	13.3354280000000003
28461	30	37.7521736500999978	-122.468771198900001
28462	30	40.4289890000000014	-74.8675070000000034
28463	30	19.2829520000000016	-99.1376419999999996
28464	30	34.095286999999999	-118.127015
28465	30	34.1008890000000022	-118.139483999999996
28466	30	34.0686210000000003	-118.027567000000005
28467	30	34.1045530000000028	-118.124285
28468	30	37.5036369999999977	-122.286140000000003
28469	30	34.095286999999999	-118.127015
28470	30	37.1613374026999992	-121.638994719899998
28471	30	37.6662249999999972	-122.418723
28472	30	23.4996270000000003	87.3053139999999956
28473	30	47.6580390000000023	-122.406413999999998
28474	30	1.44255390000000006	103.790420999999995
28475	30	37.8049999999999997	-122.453999999999994
28476	30	37.6288116667000025	-122.016852833300007
28477	30	20.5258420000000008	-104.773604000000006
28478	30	38.083599999999997	-87.629099999999994
28479	30	38.083599999999997	-87.629099999999994
28480	30	38.083599999999997	-87.629099999999994
28481	30	18.9369510000000005	-99.4758139999999997
28482	30	32.7824939999999998	-115.686635999999993
28483	30	36.1791300000000007	-86.653738333299998
28484	30	43.0452670000000026	-70.7141560000000027
28485	30	34.3035489999999967	-83.821234000000004
28486	30	38.083599999999997	-87.629099999999994
28487	30	38.083599999999997	-87.629099999999994
28488	30	38.083599999999997	-87.629099999999994
28489	30	38.083599999999997	-87.629099999999994
28490	30	38.083599999999997	-87.629099999999994
28491	30	41.7278349999999989	-83.4825210000000055
28492	30	30.3483333333000012	-103.673833333299996
28493	30	35.2085989999999995	-85.9326549999999969
28494	30	34.1939270000000022	-118.171992000000003
28495	30	47.672462000000003	-122.308036999999999
28496	30	47.703797999999999	-122.322378
28497	30	47.5555809999999965	-122.375466000000003
28498	30	47.6568790000000035	-122.406813
28499	30	37.3065360000000013	-89.0203230000000048
28500	30	37.7841666667000027	-122.408166666699998
28501	30	44.2621049999999983	-72.5807479999999998
28502	30	47.6590860000000021	-122.409496000000004
28503	30	47.6572161969000021	-122.410204410600002
28504	30	36.965091000000001	-82.5318950000000058
28505	30	38.083599999999997	-87.629099999999994
28506	30	47.672462000000003	-122.308036999999999
28507	30	37.7135000000000034	-122.486333333299996
28508	30	38.083599999999997	-87.629099999999994
28509	30	37.8644783272999987	-122.242952585200001
28510	30	37.8252431430000016	-122.011156082200003
28511	30	38.083599999999997	-87.629099999999994
28512	30	21.4243372872000002	39.816666699999999
28513	30	38.083599999999997	-87.629099999999994
28514	30	38.083599999999997	-87.629099999999994
28515	30	38.083599999999997	-87.629099999999994
28516	30	38.083599999999997	-87.629099999999994
28517	30	38.083599999999997	-87.629099999999994
28518	30	38.0191615787000003	-87.5744339324999999
28519	30	38.083599999999997	-87.629099999999994
28520	30	38.0069165999999967	-87.5263113000000033
28521	30	38.0084587727999974	-87.5231794709000042
28522	30	37.9625763661999969	-87.5398712406999948
28523	30	36.9600000000000009	-82.5300000000000011
28524	30	37.961266700000003	-87.6754382999999962
28525	30	38.0502892000000017	-87.6482474000000025
28526	30	38.1427696000000012	-87.5198010999999951
28527	30	38.1427696000000012	-87.5198010999999951
28528	30	38.1427696000000012	-87.5198010999999951
28529	30	38.0502892000000017	-87.6482474000000025
28530	30	38.1427696000000012	-87.5198010999999951
28531	30	38.0502892000000017	-87.6482474000000025
28532	30	38.1427696000000012	-87.5198010999999951
28533	30	38.1427696000000012	-87.5198010999999951
28534	30	38.0502892000000017	-87.6482474000000025
28535	30	38.0502892000000017	-87.6482474000000025
28536	30	37.9444882000000021	-87.4052865000000025
28537	30	38.0482790000000008	-87.5494745000000023
28538	30	39.7098014880999983	-82.6247529966999963
28539	30	34.0974130593000027	-118.237266540500002
28540	30	41.1108787000000007	-81.4793427999999977
28541	30	47.6569736000000006	-122.312072299999997
28542	30	47.7106712000000002	-122.372932399999996
28543	30	41.0889389000000023	-81.5044893999999971
28544	30	41.0810721000000001	-81.4471254000000044
28545	30	38.4501891322999967	-122.676864944000002
28546	30	38.4239350000000002	-122.723462999999995
28547	30	37.3972393972999981	-122.203588487000005
28548	29	-19.0542079999999991	33.3009550000000019
28549	29	-17.9566410000000012	35.152591000000001
28550	29	-18.0220459999999996	35.172108999999999
28551	29	-18.0450000000000017	35.2060000000000031
28552	29	-20.5979169999999989	16.7406690000000005
28553	29	-7.5	35
28554	29	-18.0450000000000017	35.2060000000000031
28555	29	-18.0450000000000017	35.2060000000000031
28556	29	-18.0450000000000017	35.2060000000000031
28557	29	-27.6358330000000016	32.2091670000000008
28558	28	3.95000000000000018	114.783299999999997
28559	28	1.3517300000000001	103.823835000000003
28560	28	1.3517300000000001	103.823835000000003
28561	28	1.35163100000000003	103.823650000000001
28562	28	1.3517300000000001	103.823835000000003
28563	28	1.35118000000000005	103.823792999999995
28564	28	1.3488119999999999	103.824205000000006
28565	27	-36.6621436499999973	149.450220519999988
28566	26	22.3523806	114.136646900000002
28567	26	15.4960319999999996	101.535645000000002
28568	26	22.3523806	114.136646900000002
28569	26	23.5204443000000012	87.3119226999999967
28570	26	22.3973270000000007	114.320605
28571	26	6.38605819260000018	80.6029222899999951
28572	26	18.7012280000000004	73.3885530000000017
28573	26	22.2557144035000007	114.138992651999999
28574	26	24.4334150000000001	92.328755000000001
28575	26	22.4236509999999996	114.185550000000006
28576	26	22.4481663287999993	114.042082089999994
28577	26	19.9098098607999994	99.826755523700001
28578	26	7.08560389999999973	80.0692767000000032
28579	26	22.3971782797000003	114.266557691900005
28580	26	21.9247060518999994	101.271405368999993
28581	26	22.4236514000000007	114.185550500000005
28582	26	30.3792711076999993	78.120195865599996
28583	26	22.4361281701000017	114.192467423300002
28584	26	22.3969829999999988	114.266695999999996
28585	26	3.04943099999999978	101.590517000000006
28586	26	22.4125920000000001	114.273820000000001
28587	26	22.2000059999999984	114.135017000000005
28588	26	22.4478211724000012	114.041857096800001
28589	26	22.4340669999999989	114.069068000000001
28590	26	22.2290187639999992	114.115974748699998
28591	26	3.67851300000000014	97.6564019999999999
28592	26	22.4299910000000011	114.085657999999995
28593	26	3.71186799999999995	101.736555999999993
28594	26	10.7880199999999995	106.706723999999994
28595	26	17.2119083404999991	80.8248901367000059
28596	26	18.7012280000000004	73.3885530000000017
28597	26	22.4823340000000016	114.242925999999997
28598	26	19.0770622000000003	72.8626838999999933
28599	26	22.4373000000000005	114.193246000000002
28600	26	24.4320200000000014	92.3306890000000067
28601	26	23.4995869999999982	87.3052710000000047
28602	26	19.1629229999999993	72.8920229999999947
28603	26	26.6528500000000008	92.7925589999999971
28604	26	13.4781359999999992	120.816682999999998
28605	26	27.1996789999999997	92.4918370000000039
28606	26	22.822379999999999	88.1645089999999954
28607	26	22.2290179999999999	114.116617000000005
28608	26	8.48749489999999973	76.9486229999999978
28609	26	25.6120984000000007	91.8977131000000043
28610	26	24.4320197000000014	92.3306893999999971
28611	26	25.6120984000000007	91.8977131000000043
28612	26	22.4433490000000013	114.131298000000001
28613	26	1.34947100000000009	103.774826000000004
28614	26	32.5515419999999978	76.0183375000000012
28615	26	16.9884395599000015	73.3145446776999989
28616	25	43.8657230000000027	3.79167599999999982
28617	25	43.8719063889000012	3.78997638889999999
28618	25	43.8626680555999968	3.80048638890000001
28619	25	43.6519597221999973	3.35698805560000002
28620	25	36.9269312472999971	-3.47406685350000011
28621	25	42.1834692937	2.45345535000000003
28622	25	42.1188849999999988	1.00698700000000008
28623	25	36.7670600000000007	-4.44374999999999964
28624	25	36.7591600000000014	-4.42129999999999956
28625	25	36.7581399999999974	-4.42081000000000035
28626	25	36.755749999999999	-4.42173000000000016
28627	25	36.7530399999999986	-4.43182000000000009
28628	25	36.7559100000000001	-4.45253000000000032
28629	25	36.7607799999999969	-4.43968000000000007
28630	25	36.7607500000000016	-4.43883000000000028
28631	25	36.753070000000001	-4.43158999999999992
28632	25	36.7637550000000033	-4.42095699999999958
28633	25	36.763030999999998	-4.42027000000000037
28634	25	36.7807438199999979	-4.39135551000000035
28635	25	36.7759700000000009	-4.40374999999999961
28636	25	41.2747285000000019	1.91477270000000011
28637	25	36.7877700000000019	-5.34494899999999973
28638	25	36.7860700000000023	-4.39351999999999965
28639	25	36.7817000000000007	-4.39979999999999993
28640	25	36.7623999999999995	-4.41680000000000028
28641	25	43.5674563888999984	3.72284805560000009
28642	25	42.6513009999999966	-3.13908599999999982
28643	25	36.781959999999998	-4.40071999999999974
28644	25	40.1755939999999967	-5.34150100000000005
28645	25	41.6124473899999998	1.19086102000000005
28646	25	40.3024910000000034	-8.22903200000000012
28647	25	41.7251691900000026	1.70830729999999997
28648	25	38.0326409999999981	-1.74597899999999995
28649	25	37.4759310000000028	-4.69209000000000032
28650	25	41.5473631300000008	0.647481340000000016
28651	25	41.3721859099999989	0.939735610000000054
28652	25	41.3727562799999973	0.939035309999999956
28653	25	36.775190000000002	-4.40291999999999994
28654	25	36.7801800000000014	-4.40303000000000022
28655	25	36.7839999999999989	-4.40500000000000025
28656	25	36.7839600000000004	-4.40524999999999967
28657	25	36.7646000000000015	-4.4612999999999996
28658	25	36.7704916667000035	-4.4018055556000002
28659	25	36.7677830000000014	-4.4092330000000004
28660	25	38.0381420000000006	-1.75322099999999992
28661	25	36.7826299999999975	-4.44798000000000027
28662	25	37.3103109999999987	-6.25503900000000002
28663	25	36.7713850000000022	-3.88854299999999986
28664	25	37.2927559999999971	-7.54863700000000026
28665	25	36.0730709999999988	-5.53195899999999963
28666	25	36.6321656723999993	-3.94190717380000022
28667	25	36.5383289999999974	-6.20684599999999964
28668	25	36.6548492757999966	-3.84002588530000022
28669	25	36.6339195097000001	-3.86150515249999993
28670	25	36.7324470000000005	-3.96935299999999991
28671	25	36.1352059999999966	-5.34811299999999967
28672	25	40.7698820000000026	-3.61175500000000005
28673	24	33.5312125000000023	-101.961911799999996
28674	24	32.7456165876999989	-97.8146840036999947
28675	24	32.8876950988000019	-97.2218087914999956
28676	24	32.939166334200003	-97.1618001416999988
28677	24	30.2097015000000013	-97.6982272000000052
28678	24	30.4118141999999985	-97.6487120000000033
28679	24	32.8830629999999999	-97.280311999999995
28680	24	33.8536269000000019	-118.133956299999994
28681	24	33.0606530000000021	-96.9598510000000005
28682	24	29.0425000000000004	-95.4197216666999992
28683	24	30.2448638631000009	-97.8270366039999999
28684	24	29.0425000000000004	-95.4197216666999992
28685	24	41.2069798783999985	-86.7160758071999993
28686	24	40.9970376999999999	-81.6817343999999963
28687	24	29.0425000000000004	-95.4197216666999992
28688	24	29.0425000000000004	-95.4197216666999992
28689	24	32.6128730000000004	-96.9965940000000018
28690	24	32.6697251000000009	-97.1388079000000033
28691	24	32.7814381990000001	-116.958959017599994
28692	24	29.0425000000000004	-95.4197216666999992
28693	24	33.2388714849000024	-117.0036810637
28694	24	31.5474640432000015	-110.220987348999998
28695	24	30.1447966666999996	-102.3993966667
28696	24	30.1448	-102.399408333300002
28697	24	30.3956860000000013	-95.635823000000002
28698	24	43.0868083332999987	-89.4330666667000003
28699	24	32.7462569999999999	-97.2764250000000033
28700	24	32.9249679999999998	-114.992901000000003
28701	24	32.9249679999999998	-114.992901000000003
28702	24	39.5512330000000034	-105.099433000000005
28703	24	39.5859349999999992	-105.032959000000005
28704	24	35.8223170284000005	-79.158479007400004
28705	24	39.5070049999999995	-77.5677699999999959
28706	24	38.6757093000000012	-77.201230300000006
28707	24	39.5072109999999981	-77.5667310000000043
28708	24	32.670496	-117.239795000000001
28709	24	39.6302678453999988	-104.853616207000002
28710	24	42.6836750000000009	-87.7985749999999996
28711	24	35.8701279806999977	-79.0557644334000003
28712	24	35.2054053999999965	-97.4361073999999974
28713	24	29.0425000000000004	-95.4197216666999992
28714	24	34.2768050000000031	-119.229020000000006
28715	24	30.4179722221999995	-97.7585361110999997
28716	24	40.4203742661999996	-79.8466680939999947
28717	24	29.8844250000000002	-100.994283999999993
28718	24	32.849686666700002	-116.996499999999997
28719	24	34.078097032099997	-118.234262242900002
28720	24	30.386807000000001	-97.7042069999999967
28721	24	33.3298050000000003	-116.869228333300001
28722	24	32.9909833333000009	-116.584945000000005
28723	24	39.6546583332999987	-84.2255549999999999
28724	24	32.6721166666999991	-97.2245033333000066
28725	24	39.6295259999999985	-79.955896800000005
28726	24	40.4205374269999993	-79.8466935750000033
28727	24	30.1986749259000007	-98.1141813396999964
28728	24	30.1986749259000007	-98.1141813396999964
28729	24	38.6422999999999988	-97.9996883333
28730	24	35.6888229999999993	-81.1903329999999954
28731	24	35.7789016999999987	-81.2842442999999975
28732	24	35.8174220000000005	-81.1803579999999982
28733	24	29.7970000000000006	-100.997
28734	24	21.3556918399999986	-101.928729939999997
28735	24	21.3578687876000011	-101.951083168400004
28736	24	42.9916305555999969	-72.5315777777999955
28737	24	30.3958539999999999	-95.6354510000000033
28738	24	20.8133359999999996	-102.750470000000007
28739	24	30.9630860000000006	-99.203446999999997
28740	24	37.2445106798000012	-87.022737371900007
28741	24	30.3958372771999983	-95.6354772952000047
28742	24	29.0425000000000004	-95.4197216666999992
28743	24	38.2896446700000013	-79.3029999736999969
28744	24	40.2111237000000017	-105.272838800000002
28745	24	39.9841796887999976	-75.4861378669999965
28746	24	42.4666164619999975	-87.8055453300000011
28747	24	37.3186999999999998	-122.153428333299999
28748	24	32.5699739033000029	-97.1403599912000004
28749	24	32.6761501511000034	-97.4466713470000059
28750	24	43.6512485607999992	-79.462936520599996
28751	24	42.4559969776000017	-87.8270472579999932
28752	24	39.1091277777999977	-76.8547138888999939
28753	24	30.1440300000000008	-102.406133999999994
28754	24	38.8030616667000032	-76.691866666699994
28755	24	38.8030616667000032	-76.691866666699994
28756	24	39.0336033333000003	-76.7234666667000056
28757	24	42.4559667990000023	-87.8270566462999938
28758	24	29.0425000000000004	-95.4197216666999992
28759	24	39.9103121999999999	-83.9099235700000037
28760	24	30.4179888888999983	-97.7585444444000018
28761	24	32.612088	-96.9981259999999992
28762	24	34.247698680100001	-118.603064770900005
28763	24	32.8457119999999989	-97.4757419999999968
28764	24	41.7832521999999997	-87.5782530000000037
28765	24	19.6094262599999993	-98.1127381324999988
28766	24	41.7832521999999997	-87.5782530000000037
28767	24	41.7832521999999997	-87.5782530000000037
28768	24	30.0606359999999988	-99.4700870000000066
28769	24	39.9130469316000003	-83.9940339146999975
28770	24	32.1389248747999972	-98.2309693284999952
28771	24	41.9572112983000025	-87.7192921930000011
28772	24	37.3762240000000006	-88.9304300000000012
28773	24	39.5987916667000022	-79.9591049999999939
28774	24	41.7832521999999997	-87.5782530000000037
28775	24	41.7832521999999997	-87.5782530000000037
28776	24	41.7832521999999997	-87.5782530000000037
28777	24	42.4657973214999984	-87.8031098842999995
28778	24	40.8485808833000021	-96.7175414499999988
28779	24	33.4114789969000014	-86.7906108490000037
28780	24	42.8514191379999971	-72.5588465221999996
28781	24	39.1786639999999977	-76.795581999999996
28782	24	43.6288924242999983	-72.9396260976999997
28783	24	39.0015177335999965	-76.8585750181999998
28784	24	35.5119150000000019	-93.326517999999993
28785	24	33.4115931827999972	-86.7904418706999934
28786	24	43.1324747255999981	-72.5268108844999944
28787	24	25.7249419999999986	-100.234737999999993
28788	24	30.2670583332999996	-97.7702305555999942
28789	24	41.9894301934999987	-88.0467974225999939
28790	24	41.7832521999999997	-87.5782530000000037
28791	24	39.3850516620999969	-84.3347868975999972
28792	24	41.7820454000000012	-87.5732612000000046
28793	24	40.0768820214999977	-86.0224395993000002
28794	24	39.3216366667000017	-84.3385083332999983
28795	24	32.3118016666999992	-97.015855000000002
28796	24	39.1789708035000004	-84.1978454590000069
28797	24	39.7459690000000023	-104.993408000000002
28798	24	34.228143477499998	-117.125839591000002
28799	24	38.8645360000000011	-104.645664999999994
28800	24	41.7832521999999997	-87.5782530000000037
28801	24	41.7832521999999997	-87.5782530000000037
28802	24	34.2727809894999993	-118.639260326599995
28803	24	32.9294712180000033	-96.7407601822000061
28804	24	29.2699388889000005	-103.299630555600004
28805	24	41.7832521999999997	-87.5782530000000037
28806	24	41.7832521999999997	-87.5782530000000037
28807	24	41.7832521999999997	-87.5782530000000037
28808	24	41.7832521999999997	-87.5782530000000037
28809	24	41.7832521999999997	-87.5782530000000037
28810	24	29.0425000000000004	-95.4197216666999992
28811	24	37.9380833332999998	-97.019944499999994
28812	24	29.2699388889000005	-103.299630555600004
28813	24	30.5072533332999996	-92.082680499999995
28814	24	37.5337310000000031	-77.4442200000000014
28815	24	41.3821607627999981	-88.1136788419999988
28816	24	35.5444949999999977	-82.3706899999999962
28817	24	30.0981319999999997	-94.765894000000003
28818	24	29.2740138889000008	-103.301258333299998
28819	24	33.3980866667000029	-111.883063333300001
28820	24	37.7148770000000013	-89.2029160000000019
28821	24	39.1081648482999995	-76.696511079000004
28822	24	41.7832521999999997	-87.5782530000000037
28823	24	41.7832521999999997	-87.5782530000000037
28824	24	42.7299995421999981	-84.5727767943999993
28825	24	19.6662420613999984	-70.8374358247999965
28826	24	39.1164319634999984	-76.7211020942999937
28827	24	39.1967842947000022	-76.734595249700007
28828	24	35.9356820757000008	-80.1570535512999953
28829	24	38.975754000000002	-94.7549219999999934
28830	24	39.6530633332999969	-84.2245949999999937
28831	24	41.9270344461999969	-88.0513851416999955
28832	24	32.5562784493000024	-94.6237941506000055
28833	24	38.6659133332999971	-90.4397366667
28834	24	40.9808900000000023	-72.2888999999999982
28835	24	36.5351100000000031	-96.1588699999999932
28836	24	33.4116284461000035	-86.7905860390000043
28837	24	29.0425000000000004	-95.4197216666999992
28838	24	32.311751668600003	-97.0159506797999995
28839	24	31.479485436400001	-83.5326771505000067
28840	24	30.4179835999999995	-97.7586021999999986
28841	24	32.3117356493999992	-97.0159699916000022
28842	24	35.0737111862000006	-79.5577650518000041
28843	24	29.0425000000000004	-95.4197216666999992
28844	24	42.5317999999999969	-90.7186659999999989
28845	24	32.8917692344000017	-96.675130762799995
28846	24	32.8842929999999996	-97.2813469999999967
28847	24	20.4112000000000009	-100.072152000000003
28848	24	30.3822229999999998	-97.7903869999999955
28849	24	29.0425000000000004	-95.4197216666999992
28850	24	21.9261139999999983	-99.3960119999999989
28851	24	30.3127681512000002	-97.6984313988999986
28852	24	29.0425000000000004	-95.4197216666999992
28853	24	32.9250880000000024	-114.991770000000002
28854	24	32.9250830000000008	-114.991727999999995
28855	24	32.8369440000000026	-116.619167000000004
28856	24	32.8496799999999993	-116.996487000000002
28857	24	36.2249759999999981	-95.9018920000000037
28858	24	33.2384720000000016	-117.004554999999996
28859	24	-4.73237800720000035	34.8476852120999965
28860	24	33.238624999999999	-117.004581999999999
28861	24	32.8369300000000024	-116.619209999999995
28862	24	32.8369300000000024	-116.619209999999995
28863	24	40.1976099999999974	-105.287315000000007
28864	24	29.0425000000000004	-95.4197216666999992
28865	24	38.0872310000000027	-102.620750000000001
28866	24	29.0425000000000004	-95.4197216666999992
28867	24	40.3993790000000033	-104.095072999999999
28868	24	39.6039609999999982	-105.022599999999997
28869	24	39.5509470000000007	-105.099243000000001
28870	24	38.712648999999999	-79.4154719999999941
28871	24	40.4335870000000028	-79.6733370000000036
28872	24	38.7997190000000032	-79.2804469999999952
28873	24	40.4204310000000007	-79.8465549999999951
28874	24	32.8409619999999975	-84.8539250000000038
28875	24	39.5509470000000007	-105.099243000000001
28876	24	42.0620180000000019	-71.1108219999999989
28877	24	39.7953083075000009	-84.2625410103999997
28878	24	33.2426570000000012	-97.1093580000000003
28879	24	24.829343999999999	-99.5830389999999994
28880	24	24.8292970000000004	-99.5827819999999946
28881	24	34.0836272600000001	-118.476863157300002
28882	24	30.1720930000000003	-97.8670249999999982
28883	24	30.4179840000000006	-97.7586019999999962
28884	24	20.8159759999999991	-102.768676999999997
28885	24	41.963802681899999	-88.1833083335999959
28886	24	35.5444340000000025	-82.3706459999999936
28887	24	20.8158959999999986	-102.768887000000007
28888	24	34.0929733697999993	-118.218879296699996
28889	24	38.4669629999999998	-90.8189959999999985
28890	24	38.474969999999999	-90.8233800000000002
28891	24	32.7522466599999973	-114.876168300000003
28892	24	30.4058316499999997	-87.7363074699999999
28893	24	35.5444249999999968	-82.3706530000000043
28894	24	42.9908668400000025	-89.0574147500000066
28895	24	39.6541250000000005	-84.2278050000000036
28896	24	37.7451650000000001	-122.431171000000006
28897	24	39.0325866666999985	-76.2394950000000051
28898	24	35.5443250000000006	-82.3709379999999953
28899	24	32.7502110000000002	-97.3744899999999944
28900	24	27.3712440000000008	-109.925942000000006
28901	24	32.822623023200002	-96.6808248369000012
28902	24	32.7561760000000035	-97.6808110000000056
28903	24	29.0425916667000017	-95.4198549999999983
28904	24	34.0178666667000016	-118.287711666700005
28905	24	44.4630300000000034	-93.1710889999999949
28906	24	46.7637920000000022	-96.9120900000000063
28907	24	39.6265000000000001	-84.0835000000000008
28908	24	19.8091299999999997	-100.172400999999994
28909	24	28.7796759999999985	-98.5533960000000064
28910	24	36.8376697440000029	-121.767663610699998
28911	24	19.3109789999999997	-99.1010610000000014
28912	24	41.9965082472999995	-88.067286340199999
28913	24	38.8014149999999987	-76.7004283332999961
28914	24	41.8536521321000023	-88.1022035837000033
28915	24	39.0632542641999976	-76.6713328859000001
28916	24	35.5444379999999995	-82.3706229999999948
28917	24	30.6036583333000003	-87.9127799999999979
28918	24	35.5443309999999997	-82.3710399999999936
28919	24	32.8774459999999991	-115.647003999999995
28920	24	32.7418839519000002	-97.0584408665999945
28921	24	32.5934919999999977	-95.1749169999999935
28922	24	32.5934919999999977	-95.1749169999999935
28923	24	39.6531666667000025	-84.2245000000000061
28924	24	32.8384459999999976	-93.9153249999999957
28925	24	37.7732000000000028	-122.202150000000003
28926	24	32.8497070000000022	-116.996493000000001
28927	24	32.8384550000000033	-93.9153330000000039
28928	24	40.4171029999999973	-80.169360999999995
28929	24	32.7362970000000004	-97.5082660000000061
28930	24	40.4197279999999992	-74.4021549999999934
28931	24	38.6683390000000031	-77.1880740000000003
28932	24	38.6683390000000031	-77.1880740000000003
28933	24	32.8497070000000022	-116.996478999999994
28934	24	30.4282569999999986	-97.7089200000000062
28935	24	35.3711729999999989	-89.9980089999999961
28936	24	40.4167388547000002	-77.3559150588999955
28937	24	37.3762299999999996	-88.9304170000000056
28938	24	37.3762490000000014	-88.9304159999999939
28939	24	37.376221000000001	-88.9304149999999964
28940	24	34.6840839999999986	-98.4081110000000052
28941	24	40.6272189999999966	-81.6110299999999995
28942	24	39.3155746460000017	-76.8747711182000018
28943	24	39.3155746460000017	-76.8747711182000018
28944	24	32.8395089999999996	-93.9150810000000007
28945	24	32.838082	-93.9150139999999993
28946	24	32.8383970000000005	-93.9153479999999945
28947	24	37.376218999999999	-88.9304159999999939
28948	24	41.6257250000000028	-72.7674559999999957
28949	24	43.8532989999999998	-72.5888800000000032
28950	24	41.2824455000000015	-81.5706109000000055
28951	24	38.3043999694000021	-90.2517391533999955
28952	24	41.1014450999999994	-81.4417789999999968
28953	24	37.3761952445999981	-88.9304884926000057
28954	24	37.3761781928999994	-88.9304884926000057
28955	24	40.9636684999999972	-81.3312195000000031
28956	24	38.3043955350999994	-90.2521705627000017
28957	23	30.4118141999999985	-97.6487120000000033
28958	23	19.3245485646999988	-99.1804075241000049
28959	23	29.7641633333000009	-95.4482050000000015
28960	23	46.389257729199997	-64.6186356782999951
28961	23	46.3892568041000004	-64.6186370193999977
28962	23	29.0425000000000004	-95.4197216666999992
28963	23	29.6954442508999996	-101.322303450099994
28964	23	43.6512602051000016	-79.4629150628999952
28965	23	35.8004414055000026	-79.0603163756999976
28966	23	38.9192708877000015	-77.1210581435999956
28967	23	42.4559890618999987	-87.8270673752000022
28968	23	30.4179722221999995	-97.7585361110999997
28969	23	29.0425000000000004	-95.4197216666999992
28970	23	35.3766639999999981	-80.9691949999999991
28971	23	39.6674758253999968	-84.2007998314000048
28972	23	29.0425000000000004	-95.4197216666999992
28973	23	30.5271110000000014	-97.7035319999999956
28974	23	33.4461221124999994	-101.802639429899997
28975	23	29.0425000000000004	-95.4197216666999992
28976	23	29.0425000000000004	-95.4197216666999992
28977	23	9.96435823170000035	-84.1322708124999963
28978	23	35.5445080000000004	-82.3706909999999937
28979	23	32.8497133333000022	-116.996449999999996
28980	23	39.1295772435999965	-76.6453297368999955
28981	23	33.4116323642000026	-86.7904888089999957
28982	23	35.5445119999999974	-82.3706860000000063
28983	23	40.2043829216000006	-74.4759878084000064
28984	23	33.0547613888999976	-96.669026666700006
28985	23	35.544474000000001	-82.3707299999999947
28986	23	30.198654834900001	-98.1141804458000024
28987	23	29.0425000000000004	-95.4197216666999992
28988	23	37.8263222783999993	-82.0630723157999995
28989	23	39.1743704362000003	-76.6511670253999995
28990	23	39.1483061754000019	-76.6986888051000051
28991	23	33.4116446784000019	-86.7904968550000007
28992	23	42.4559984618000001	-87.8270566462999938
28993	23	32.3118115142000022	-97.015937804999993
28994	23	33.2652716667000021	-87.4822733333000002
28995	23	42.9917666007999983	-72.5319501758000058
28996	23	32.9998018586000015	-96.6130772623999974
28997	23	32.5866661072000028	-97.0913925171000045
28998	23	20.0514708388000003	-100.649315587700002
28999	23	32.8155031097000034	-96.6827931405999976
29000	23	29.0425000000000004	-95.4197216666999992
29001	23	33.411646917299997	-86.7906188965000069
29002	23	32.8877667293999991	-96.6537328786999979
29003	23	35.5906730000000024	-97.6011680000000013
29004	23	35.5445080000000004	-82.3706779999999981
29005	23	33.261845000000001	-87.4844516666999965
29006	23	40.5472416667000033	-74.3389666667000029
29007	23	32.9328381712999985	-96.6647609036999995
29008	23	44.7392004000000014	-73.1301205000000039
29009	23	30.3672049999999984	-97.7315509999999961
29010	23	29.8868616666999998	-97.6678033333000002
29011	23	32.9063195784000015	-96.6673273713000043
29012	23	30.4638972222	-97.7709444444000013
29013	23	33.4116166916999973	-86.7906323069999956
29014	23	30.312785246699999	-97.6984905446999932
29015	23	43.1323721999999989	-72.5268458999999979
29016	23	33.4114789969000014	-86.7906054850000004
29017	23	35.5445080000000004	-82.3706990000000019
29018	23	35.5445080000000004	-82.3706990000000019
29019	23	32.7957781510000004	-97.0712900161999954
29020	23	30.8833212693000014	-102.875953227300002
29021	23	46.3892599985999965	-64.6186418830999969
29022	23	27.1828567999999997	-81.3520841999999931
29023	23	33.4115931827999972	-86.7904418706999934
29024	23	33.4115931827999972	-86.7904418706999934
29025	23	33.411604377499998	-86.7904284589999975
29026	23	33.4116110942999995	-86.7904579638999962
29027	23	30.4179888888999983	-97.7585444444000018
29028	23	30.669116666699999	-97.9169299999999936
29029	23	32.8901076277999991	-96.7030603749000051
29030	23	30.4016304999999996	-91.1318722000000037
29031	23	33.3348409999999973	-87.7936470000000071
29032	23	28.9546700000000001	-95.2796699999999959
29033	23	32.8331561939000025	-97.4145139917000051
29034	23	35.5444969999999998	-82.3707019999999943
29035	23	32.9974914351999971	-96.6201800485000035
29036	23	35.5445040000000034	-82.3706909999999937
29037	23	32.3117752441999997	-97.0159807203999947
29038	23	35.544516999999999	-82.3706899999999962
29039	23	32.1260350000000017	-93.4770960000000031
29040	23	35.5444949999999977	-82.3706949999999978
29041	23	30.4638770000000001	-97.7709339999999969
29042	23	32.5253533332999965	-97.0019466666999932
29043	23	35.5444999999999993	-82.3706920000000054
29044	23	33.5585237155000016	-86.7077413199999967
29045	23	30.0981319999999997	-94.765894000000003
29046	23	33.2644049999999964	-87.4702900000000056
29047	23	32.902163895000001	-96.7317570085999989
29048	23	32.9576933332999999	-87.792108333300007
29049	23	46.3892599985999965	-64.6186392009999935
29050	23	35.8157862280000003	-79.0999484249000062
29051	23	39.1508771584000002	-76.702806829599993
29052	23	39.1648589030999972	-76.6946734140999951
29053	23	39.1875163274999991	-76.7522279638999976
29054	23	39.0396954974999986	-76.7420071569000015
29055	23	33.2886454229999984	-87.1321072709999953
29056	23	33.262236666699998	-87.4844049999999953
29057	23	33.2557880000000026	-87.4771329999999949
29058	23	32.3436388900000011	-86.1798249299999952
29059	23	42.4999582000000018	-70.8578023999999971
29060	23	40.9808900000000023	-72.2888999999999982
29061	23	44.7392004000000014	-73.1301205000000039
29062	23	33.5797090000000011	-86.7012059999999991
29063	23	43.1323721999999989	-72.5268458999999979
29064	23	40.9808900000000023	-72.2888999999999982
29065	23	40.9808900000000023	-72.2888999999999982
29066	23	40.9808900000000023	-72.2888999999999982
29067	23	40.9808900000000023	-72.2888999999999982
29068	23	40.9808900000000023	-72.2888999999999982
29069	23	40.9808900000000023	-72.2888999999999982
29070	23	33.4116384814999989	-86.7905464760000029
29071	23	40.9808900000000023	-72.2888999999999982
29072	23	40.9808900000000023	-72.2888999999999982
29073	23	40.9808900000000023	-72.2888999999999982
29074	23	33.4116099844999965	-86.7905491590999958
29075	23	33.4116099844999965	-86.7905491590999958
29076	23	40.9808900000000023	-72.2888999999999982
29077	23	40.9808900000000023	-72.2888999999999982
29078	23	19.210757000000001	-96.1833460000000002
29079	23	37.6565700000000021	-77.5525366666999929
29080	23	33.4116284461000035	-86.7905860390000043
29081	23	33.4116284461000035	-86.7905860390000043
29082	23	33.5590115257000008	-86.7068696022000012
29083	23	32.8554699999999968	-96.6920810000000017
29084	23	32.3116881962999969	-97.015982866300007
29085	23	32.3116449743999965	-97.0159807203999947
29086	23	32.3116631094000013	-97.0159699916000022
29087	23	30.620709999999999	-92.079544999999996
29088	23	46.5279200000000017	-80.9261783333000011
29089	23	32.5389669999999995	-97.3253509999999977
29090	23	29.0425000000000004	-95.4197216666999992
29091	23	40.4203440000000001	-79.8466750000000047
29092	23	32.9923366794999993	-96.7778193105000071
29093	23	30.4179840000000006	-97.7586019999999962
29094	23	29.0425000000000004	-95.4197216666999992
29095	23	33.2426570000000012	-97.1093580000000003
29096	23	30.4179840000000006	-97.7586019999999962
29097	23	29.0425000000000004	-95.4197216666999992
29098	23	42.0620180000000019	-71.1108219999999989
29099	23	42.0620180000000019	-71.1108219999999989
29100	23	30.4179840000000006	-97.7586019999999962
29101	23	29.0425000000000004	-95.4197216666999992
29102	23	29.0425000000000004	-95.4197216666999992
29103	23	32.9279310908000014	-96.6472323614000004
29104	23	29.0425000000000004	-95.4197216666999992
29105	23	32.8981326318999976	-96.7008790569999945
29106	23	30.4179840000000006	-97.7586019999999962
29107	23	32.814350426899999	-96.6424137350000052
29108	23	37.4907699999999977	-77.5842909999999932
29109	23	35.5444209999999998	-82.3706379999999996
29110	23	38.4669629999999998	-90.8193399999999968
29111	23	29.0425000000000004	-95.4197216666999992
29112	23	29.0425000000000004	-95.4197216666999992
29113	23	32.6843796459000018	-94.4905125537000004
29114	23	39.0628132399000023	-76.667639943599994
29115	23	39.0075007244999981	-76.7334321834999997
29116	23	32.3114109999999997	-97.0149289999999951
29117	23	36.1893049999999974	-86.7164383333000046
29118	23	38.913330000000002	-76.9414459999999991
29119	23	29.0425916667000017	-95.4198549999999983
29120	23	30.4179840000000006	-97.7586019999999962
29121	23	35.5444359999999975	-82.3706200000000024
29122	23	35.544431000000003	-82.3706200000000024
29123	23	35.544438999999997	-82.3706260000000015
29124	23	35.5444370000000021	-82.3706109999999967
29125	23	38.9971183333000013	-76.8522333333000063
29126	23	24.8291879999999985	-99.5829959999999943
29127	23	32.5934919999999977	-95.1749169999999935
29128	23	40.4171029999999973	-80.169360999999995
29129	23	32.8383619999999965	-93.9152710000000042
29130	23	41.5269329999999997	-70.671796999999998
29131	23	41.5238719999999972	-70.6623880000000071
29132	23	37.3762261508000009	-88.9304348483999973
29133	23	40.9636684999999972	-81.3312195000000031
29134	23	40.7937721627000016	-81.7396982342999934
29135	23	44.0194705879000026	-73.1806613975000033
29136	22	30.2448065174999989	-97.8269722313000045
29137	22	33.4116592315000034	-86.7904774090000046
29138	22	-25.4821419999999996	-54.6085020000000014
29139	22	32.9139551236999992	-96.6387089293999964
29140	22	29.0425000000000004	-95.4197216666999992
29141	22	32.8204716667000014	-98.0349805000000032
29142	22	33.2630555555999976	-87.4827777777999955
29143	22	30.4179722221999995	-97.7585361110999997
29144	22	30.1986556849000003	-98.1141514778999948
29145	22	30.2448573092999986	-97.827043309000004
29146	22	32.4978673920999981	-96.9597328306000037
29147	22	32.7611499507999966	-96.8669700617000018
29148	22	35.9385997157000006	-79.0158093138000055
29149	22	29.6554539999999989	-95.4703899999999948
29150	22	32.9801034413000025	-96.6715942323999968
29151	22	30.4179722221999995	-97.7585361110999997
29152	22	29.8475685671000015	-95.5571287910999985
29153	22	33.0876488999999978	-97.1082837999999953
29154	22	30.5271009999999983	-97.7035240000000016
29155	22	33.0878790000000009	-97.1083069999999964
29156	22	33.0884399999999985	-97.1071940000000069
29157	22	33.8536269000000019	-118.133956299999994
29158	22	33.4116592315000034	-86.7905022199999934
29159	22	32.9469666696000019	-96.6495632131999969
29160	22	32.8451779638999994	-96.6659988445999971
29161	22	30.208914054400001	-97.8867459296999982
29162	22	29.6686550000000011	-82.2386766667000018
29163	22	32.8535306030999976	-96.7702779315000043
29164	22	30.1986603213000002	-98.1141702533000029
29165	22	32.9167215129999988	-96.7599270248999943
29166	22	30.5269860000000008	-97.7035640000000001
29167	22	32.9797416796999983	-96.6194111891999938
29168	22	30.1986378347000013	-98.1141754389999932
29169	22	29.6590416666999985	-82.3451083333000042
29170	22	30.1986649575999984	-98.114148795600002
29171	22	32.9533165782000026	-96.6916790557999946
29172	22	30.527000000000001	-97.7035479999999978
29173	22	32.5172981085000004	-97.1341061144999998
29174	22	32.1720591114999976	-98.2922270300999941
29175	22	32.8169461462999976	-96.6123553463000064
29176	22	32.8325400327999972	-96.7997849000000059
29177	22	29.0425000000000004	-95.4197216666999992
29178	22	29.6511220000000009	-100.069355999999999
29179	22	33.4116446784000019	-86.7905062436999941
29180	22	30.5270599999999988	-97.703511000000006
29181	22	32.936998185100002	-96.6595273623999987
29182	22	30.5270229999999998	-97.7035159999999934
29183	22	29.6507320000000014	-100.069292000000004
29184	22	19.2107670000000006	-96.183415999999994
29185	22	30.5271650000000001	-97.7035460000000029
29186	22	29.0425000000000004	-95.4197216666999992
29187	22	35.4648410116000008	-80.7801082132999966
29188	22	34.3990615469000005	-85.6337928771999941
29189	22	30.5270189999999992	-97.7035149999999959
29190	22	29.0425000000000004	-95.4197216666999992
29191	22	28.5689216666999997	-81.3562916667000025
29192	22	33.0010722216999994	-96.9850383332999968
29193	22	29.0425000000000004	-95.4197216666999992
29194	22	32.8138459935999975	-96.6369485442999974
29195	22	38.7934466000000029	-77.2716505000000069
29196	22	32.8576452639999985	-96.6023221627999931
29197	22	30.5270459999999986	-97.7034840000000031
29198	22	35.3523929999999993	-80.8068779999999975
29199	22	35.8764759346000019	-79.0604507457999972
29200	22	35.457335999999998	-80.7780620000000056
29201	22	35.457335999999998	-80.7780620000000056
29202	22	29.0425000000000004	-95.4197216666999992
29203	22	38.9537384387000003	-76.9331180891000059
29204	22	38.9989267165000015	-76.8886385479000012
29205	22	32.6954270000000022	-97.382593
29206	22	39.5070109999999985	-77.5677979999999963
29207	22	41.2078472724999969	-89.3250274658000052
29208	22	29.0425000000000004	-95.4197216666999992
29209	22	35.9868036387999979	-79.051004266700005
29210	22	32.6374397278000004	-97.0906906128000031
29211	22	29.0425000000000004	-95.4197216666999992
29212	22	38.926630000000003	-77.0487221667000028
29213	22	29.0425000000000004	-95.4197216666999992
29214	22	35.5444859999999991	-82.3706959999999953
29215	22	30.2817620102000014	-97.780436574999996
29216	22	30.1986285619000014	-98.1141062378000015
29217	22	32.8497166666999973	-116.996504999999999
29218	22	32.8497133333000022	-116.996449999999996
29219	22	35.8103831991000021	-78.7152089835000055
29220	22	30.5271110000000014	-97.7035319999999956
29221	22	35.5444730000000035	-82.3706870000000038
29222	22	32.7421933226999968	-97.3622825369999987
29223	22	37.0778834341999968	-87.5000693488999985
29224	22	29.0425000000000004	-95.4197216666999992
29225	22	39.1431668832000028	-76.7750921903000005
29226	22	32.0122064418999983	-98.3218574254999993
29227	22	39.0446564188999972	-76.777500170899998
29228	22	39.1988904569000027	-76.6228420252000006
29229	22	40.4204955538999968	-79.8465581229999941
29230	22	38.4339452489000024	-78.8585803472000038
29231	22	35.5444699999999969	-82.3707449999999994
29232	22	35.5445029999999988	-82.3706899999999962
29233	22	35.5444790000000026	-82.3706870000000038
29234	22	19.7251902239000003	-70.8910072019999973
29235	22	19.6843681227000005	-70.8196089841000003
29236	22	32.8496383332999997	-116.996578333299993
29237	22	33.8842916667000011	-118.286661666699999
29238	22	30.1985914706999985	-98.1141062378000015
29239	22	32.8852433376999969	-96.6095627333999971
29240	22	35.5445050000000009	-82.3706820000000022
29241	22	30.5479880000000001	-94.4097340000000003
29242	22	39.1121454314000019	-76.7170940895999962
29243	22	39.1747373281000009	-76.6796431433999999
29244	22	30.4583388888999984	-94.3871166666999954
29245	22	30.4583255999999984	-94.3873181000000017
29246	22	30.3643380000000001	-94.2765600000000035
29247	22	38.8026116667000025	-76.6919716666999989
29248	22	33.411646917299997	-86.7905062436999941
29249	22	30.4583149999999989	-94.3873379999999997
29250	22	29.8203785365000016	-84.5101686617999945
29251	22	30.5481097221999995	-94.4109697221999937
29252	22	33.4116178111000011	-86.790494172999999
29253	22	33.261944444400001	-87.4841666667000055
29254	22	33.5590182310999978	-86.7068615550000032
29255	22	33.5590182310999978	-86.7068615550000032
29256	22	32.7125417100000035	-97.1178830900000065
29257	22	32.4097430473999992	-97.1628833160999932
29258	22	32.8497410000000016	-116.996561999999997
29259	22	29.0425000000000004	-95.4197216666999992
29260	22	32.8916278199999965	-96.7220560011000003
29261	22	32.8293699865999997	-96.784463775399999
29262	22	30.0591100000000004	-99.4704749999999933
29263	22	30.4179888888999983	-97.7585444444000018
29264	22	30.4638972222	-97.7709444444000013
29265	22	33.2623565166000006	-87.4844151734999969
29266	22	33.4116166916999973	-86.7904888089999957
29267	22	33.4116110942999995	-86.7904472351000038
29268	22	33.4116110942999995	-86.7904472351000038
29269	22	32.5684677027999996	-97.1996511936000047
29270	22	27.1828567999999997	-81.3520841999999931
29271	22	33.4115931827999972	-86.7904418706999934
29272	22	33.411604377499998	-86.7904284589999975
29273	22	39.1091388888999987	-76.854574999999997
29274	22	30.4179888888999983	-97.7585444444000018
29275	22	33.2606800000000007	-87.4818933332999933
29276	22	39.109119444400001	-76.8546611111000004
29277	22	30.4179888888999983	-97.7585444444000018
29278	22	35.5444969999999998	-82.3707019999999943
29279	22	35.5445139999999995	-82.3706909999999937
29280	22	33.262351666699999	-87.484613333300004
29281	22	36.4615202000000025	-81.3386749000000009
29282	22	30.4638866666999988	-97.7709466666999987
29283	22	33.2620666667000009	-87.4843800000000016
29284	22	30.0981319999999997	-94.765894000000003
29285	22	34.0636581811000028	-118.369630362699993
29286	22	32.5675531457000034	-80.1811937750999988
29287	22	-0.335503757000000014	-79.758583068799993
29288	22	32.9157864924000023	-96.7108467223000048
29289	22	35.9633199806999997	-78.4886302860000029
29290	22	35.7755644109999977	-81.1469106283000059
29291	22	34.0924940000000021	-84.1351590000000016
29292	22	39.0236182758999988	-76.7446978344000001
29293	22	39.1379029129999978	-76.677585914900007
29294	22	35.2523966668000028	-80.4325784864000042
29295	22	39.109119444400001	-76.8546611111000004
29296	22	39.0707168121000024	-76.7400090016000007
29297	22	35.5444969999999998	-82.3706789999999955
29298	22	33.0064206452000022	-87.6344633102000046
29299	22	39.1091333333000009	-76.8546666666999982
29300	22	39.1090611110999973	-76.8546055556000027
29301	22	33.4116194834999973	-86.7906644939999978
29302	22	33.5797090000000011	-86.7012059999999991
29303	22	40.9808900000000023	-72.2888999999999982
29304	22	38.8030449999999973	-76.6922533333000018
29305	22	32.5676791543999968	-80.1810735263999987
29306	22	38.8573238365000009	-76.975769749899996
29307	22	33.0126722222000026	-96.9970555555999994
29308	22	33.4116099844999965	-86.7905491590999958
29309	22	33.2623466666999974	-87.4844933332999943
29310	22	33.2624016667000006	-87.4850100000000026
29311	22	29.0425000000000004	-95.4197216666999992
29312	22	33.2622066667000027	-87.4842566667000057
29313	22	32.8557649999999981	-96.6921269999999993
29314	22	32.8555929999999989	-96.692183
29315	22	32.750236000000001	-97.3744109999999949
29316	22	30.3837415236999995	-97.025806456799998
29317	22	33.4116126261999966	-86.7905071660999994
29318	22	30.3837415236999995	-97.025806456799998
29319	22	33.2622233332999997	-87.4845533332999992
29320	22	33.0064083333000013	-87.6344550000000027
29321	22	33.0064690000000027	-87.6344710000000049
29322	22	33.0064690000000027	-87.6344710000000049
29323	22	32.3118307068999968	-97.0159935950999994
29324	22	32.7502390000000005	-97.3744120000000066
29325	22	32.5594606829999975	-97.1512396299000045
29326	22	33.2620916667000017	-87.4845816666999951
29327	22	30.4179835999999995	-97.7586021999999986
29328	22	30.4179835999999995	-97.7586021999999986
29329	22	30.4179835999999995	-97.7586021999999986
29330	22	32.8828728489	-96.6074084146000018
29331	22	32.7526560000000018	-97.1924570000000045
29332	22	32.5632142472000012	-97.1923739347000009
29333	22	32.5046572178000019	-97.1743108499999977
29334	22	32.7557100000000005	-97.6806279999999987
29335	22	35.5445259999999976	-82.3706980000000044
29336	22	35.6888381954999971	-81.1903327703000031
29337	22	32.8497410000000016	-116.996449999999996
29338	22	33.2732213446000031	-87.497837424599993
29339	22	33.2623216666999966	-87.4846749999999957
29340	22	32.5571899999999985	-96.9496670000000051
29341	22	33.2622222222000019	-87.4844444443999976
29342	22	33.262758333299999	-87.4843783333000005
29343	22	35.5445080000000004	-82.3706959999999953
29344	22	29.0425000000000004	-95.4197216666999992
29345	22	33.5800079999999994	-86.7012610000000024
29346	22	33.2621816667000019	-87.4845716667000062
29347	22	33.5800589999999985	-86.7012500000000017
29348	22	33.5800139999999985	-86.7012880000000052
29349	22	33.2622916667000013	-87.4847966667000065
29350	22	32.7502420000000001	-97.3744030000000009
29351	22	32.7607300000000023	-97.3748949999999951
29352	22	33.2622222222000019	-87.4841666667000055
29353	22	32.8497330000000005	-116.996544999999998
29354	22	33.2621833333000012	-87.4846066667000031
29355	22	33.5800210000000021	-86.701272000000003
29356	22	33.2625433333000018	-87.4846466667000016
29357	22	33.5800210000000021	-86.7012770000000046
29358	22	32.4446259229999967	-97.1221651787000013
29359	22	38.926288999999997	-77.341856000000007
29360	22	38.9262709999999998	-77.3418439999999947
29361	22	30.1985840000000003	-98.1142289999999946
29362	22	33.2622222222000019	-87.4844444443999976
29363	22	30.1986099999999986	-98.1142210000000006
29364	22	33.5800270000000012	-86.7012770000000046
29365	22	33.2624700000000004	-87.4846033333000008
29366	22	33.2622633332999982	-87.484499999999997
29367	22	30.1985160000000015	-98.1140259999999955
29368	22	34.3988888888999966	-85.6336111110999951
29369	22	34.3988888888999966	-85.6336111110999951
29370	22	34.3986111111000028	-85.6338888889000032
29371	22	30.1986570000000007	-98.114208000000005
29372	22	30.1986479999999986	-98.1141729999999939
29373	22	30.1986360000000005	-98.1141800000000046
29374	22	30.4054900000000004	-87.7355459999999994
29375	22	30.3127662975000014	-97.6984664959999947
29376	22	35.5444529999999972	-82.3706860000000063
29377	22	33.2622383332999974	-87.4846616667000063
29378	22	32.7471299999999985	-97.2754750000000001
29379	22	29.0425000000000004	-95.4197216666999992
29380	22	32.7464330000000032	-97.2759389999999939
29381	22	33.5800139999999985	-86.7012830000000037
29382	22	35.5444359999999975	-82.370673999999994
29383	22	32.8496829999999989	-116.996474000000006
29384	22	30.4179840000000006	-97.7586019999999962
29385	22	32.7526840000000021	-97.1924879999999973
29386	22	30.5771807136999989	-97.7296421435000013
29387	22	30.1986179999999997	-98.1141429999999986
29388	22	32.4980150000000023	-96.9591369999999984
29389	22	30.4055649999999993	-87.7355450000000019
29390	22	32.8496829999999989	-116.996474000000006
29391	22	32.8496829999999989	-116.996474000000006
29392	22	30.4179840000000006	-97.7586019999999962
29393	22	30.5703241607000002	-97.6374403282000003
29394	22	-0.336491580199999973	-79.7590644657999945
29395	22	38.9620740000000012	-77.1481119999999976
29396	22	40.4203359999999989	-79.8466710000000006
29397	22	30.4179840000000006	-97.7586019999999962
29398	22	29.0425000000000004	-95.4197216666999992
29399	22	34.0084569999999999	-117.881433999999999
29400	22	32.8496829999999989	-116.996474000000006
29401	22	32.8496829999999989	-116.996474000000006
29402	22	32.8496829999999989	-116.996474000000006
29403	22	32.8496829999999989	-116.996474000000006
29404	22	32.8496829999999989	-116.996474000000006
29405	22	32.8496829999999989	-116.996474000000006
29406	22	30.4055891000000003	-87.7356438999999995
29407	22	35.5444230000000019	-82.3706269999999989
29408	22	32.7493189999999998	-97.3295569999999941
29409	22	35.179000000000002	-80.8485600000000062
29410	22	32.8496829999999989	-116.996474000000006
29411	22	32.8496829999999989	-116.996474000000006
29412	22	35.5444379999999995	-82.3706459999999936
29413	22	34.2282749999999965	-118.232452777800006
29414	22	32.5872010000000003	-97.1022430000000014
29415	22	38.4669969999999992	-90.8187819999999988
29416	22	32.8496829999999989	-116.996474000000006
29417	22	39.0698704162999988	-76.6084297655999933
29418	22	32.8496829999999989	-116.996474000000006
29419	22	32.8496829999999989	-116.996474000000006
29420	22	30.1720930000000003	-97.8670249999999982
29421	22	32.7526599999999988	-97.1924800000000033
29422	22	32.3114109999999997	-97.0149289999999951
29423	22	35.5444379999999995	-82.3706549999999993
29424	22	32.8496829999999989	-116.996474000000006
29425	22	32.5660949999999971	-97.1407080000000036
29426	22	29.0425000000000004	-95.4197216666999992
29427	22	32.7526999999999973	-97.1924779999999942
29428	22	32.8496829999999989	-116.996474000000006
29429	22	35.8102790000000013	-78.7153189999999938
29430	22	32.8496829999999989	-116.996474000000006
29431	22	32.818933889100002	-96.7893923825999991
29432	22	30.4179840000000006	-97.7586019999999962
29433	22	30.1919583333000006	-97.7553033333000059
29434	22	32.9896415332000004	-96.6262780880999941
29435	22	32.8496829999999989	-116.996474000000006
29436	22	32.8496829999999989	-116.996474000000006
29437	22	16.8786810000000003	-95.0347790000000003
29438	22	16.8786810000000003	-95.0347790000000003
29439	22	16.8786810000000003	-95.0347790000000003
29440	22	16.8786810000000003	-95.0347790000000003
29441	22	32.8496829999999989	-116.996474000000006
29442	22	32.7364614999999972	-97.5083328000000051
29443	22	32.8496829999999989	-116.996474000000006
29444	22	38.810746723900003	-76.815975223600006
29445	22	32.8496829999999989	-116.996474000000006
29446	22	35.5444239999999994	-82.3706140000000033
29447	22	38.7908609999999996	-77.2833250000000049
29448	22	35.5444280000000035	-82.3706049999999976
29449	22	32.9242670000000004	-116.480484000000004
29450	22	32.9247450000000015	-116.482128000000003
29451	22	32.8496829999999989	-116.996474000000006
29452	22	32.8496829999999989	-116.996474000000006
29453	22	32.8496829999999989	-116.996474000000006
29454	22	32.8496829999999989	-116.996474000000006
29455	22	32.8496829999999989	-116.996474000000006
29456	22	32.8496829999999989	-116.996474000000006
29457	22	32.8496829999999989	-116.996474000000006
29458	22	35.5444239999999994	-82.3706099999999992
29459	22	38.936912999999997	-76.5030169999999998
29460	22	35.5445429999999973	-82.3708639999999974
29461	22	32.5934919999999977	-95.1749169999999935
29462	22	32.849693000000002	-116.996471
29463	22	32.8497070000000022	-116.996493000000001
29464	22	38.8791939999999983	-77.1684410000000014
29465	22	32.8496979999999965	-116.996467999999993
29466	22	40.498033999999997	-74.434866999999997
29467	22	38.7911550000000034	-77.2847840000000019
29468	22	39.013156503300003	-76.7794288478000055
29469	22	44.763536000000002	-72.1471310000000017
29470	22	32.8384909999999977	-93.9155319999999989
29471	22	32.8384909999999977	-93.9155319999999989
29472	22	32.8384909999999977	-93.9154029999999977
29473	22	34.0996451046000004	-117.604148536899999
29474	22	34.0995253500000004	-117.604044869999996
29475	21	35.2044750462000025	-97.4186897278000004
29476	21	-33.8566404926000004	151.173019907600008
29477	21	34.0690200961999992	-118.441652292499995
29478	21	29.7837299999999985	-95.3938133333000025
29479	21	37.8040299999999974	-122.265433333299995
29480	21	32.7536302618999997	-97.1010047850000007
29481	21	21.9263160287000005	-99.3954189632000009
29482	21	59.1960684399999977	17.6515567000000004
29483	21	21.9274946546000002	-99.3928813934000033
29484	21	33.933720000000001	-117.950528333299999
29485	21	44.6360427413000025	-63.5944437043999997
29486	21	32.5594416667000033	-97.0625
29487	21	34.9637630000000001	-85.3752709999999979
29488	21	37.5644454955999976	126.947776794399999
29489	21	43.1161117553999986	-123.4066696167
29490	21	47.6988563537999966	-122.370567321799996
29491	21	38.4556865196000004	-122.722029374599998
29492	21	43.1955600499999974	-79.8854626199999984
29493	21	38.4222909528999992	-78.8719479730000046
29494	21	38.4222996211000023	-78.8719184689999935
29495	21	-36.9290024817000031	174.645345211000006
29496	21	38.4222943676000028	-78.8719392560000045
29497	21	38.4222954183000027	-78.8719429439999971
29498	21	38.4340860937000031	-78.8604684539999994
29499	21	38.4339713399999994	-78.8612685300000038
29500	21	17.997717763499999	-93.3752039809999985
29501	21	19.6220019000000008	-98.9286739000000068
29502	21	32.7126185317000022	-97.1119673084999988
29503	21	44.6361513901999984	-63.5937915557000011
29504	21	33.9336583333000021	-117.950591666700006
29505	21	33.9336750000000009	-117.950528333299999
29506	21	21.92624	-99.3959059999999965
29507	21	33.6782113009000028	-117.674367427799993
29508	21	39.7139790000000019	-75.7739499999999992
29509	21	40.6792700000000025	-73.9640430000000038
29510	21	18.3894790000000015	-66.0404060000000044
29511	21	37.8038583332999991	-122.265503333300003
29512	21	33.933720000000001	-117.950495000000004
29513	21	19.8039300000000011	-99.0930529999999976
29514	21	18.4028069999999992	-66.0501370000000065
29515	21	18.4028069999999992	-66.0501370000000065
29516	21	37.9577019999999976	-121.290779999999998
29517	21	40.7766209999999987	-74.4294150000000059
29518	21	38.4312589999999972	-122.711792000000003
29519	21	53.5611889999999988	-113.276466999999997
29520	21	40.6904749999999993	-74.4258509999999944
29521	21	37.5315280000000016	-122.316421000000005
29522	21	40.8247989999999987	-74.1108090000000033
29523	21	19.5148159999999997	-96.8907769999999999
29524	21	40.4967169999999967	-74.4282319999999942
29525	21	32.7196879999999979	-117.241102999999995
29526	21	33.9339889999999968	-117.950640000000007
29527	21	19.7807320000000004	-99.0189589999999953
29528	21	33.6162810000000007	-111.879501000000005
29529	21	18.3992380000000004	-66.0404900000000055
29530	21	19.3109099999999998	-99.101073999999997
29531	21	19.7815650000000005	-99.0173719999999946
29532	21	34.0912963999999974	-118.1286664
29533	21	47.4031080000000031	8.55962199999999918
29534	21	45.3995340000000027	11.9392840000000007
29535	21	42.0927448831000035	-76.001102723200006
29536	21	42.0927770174000031	-76.0004514456000067
29537	20	59.1968069999999997	17.6517850000000003
29538	20	37.7180414882000008	-122.449397871900004
29539	20	53.1409006000000019	-1.8098711999999999
29540	20	49.6123649000000029	6.15548479999999998
29541	20	35.0174007772999971	25.8079833809999997
29542	20	51.8380783332999968	4.71027833329999979
29543	20	61.2707138317000002	24.0559118986000016
29544	20	42.7869918920999979	17.3440711498000013
29545	20	55.6854987425999965	-4.16388774250000004
29546	20	49.4155678957000006	8.66912886499999935
29547	20	55.8199049999999986	13.0212861666999995
29548	20	53.0102116667000018	-6.32379833330000007
29549	20	53.372053333300002	-6.2718733333000003
29550	20	53.3720383332999972	-6.27197833329999987
29551	20	55.1539166666999989	-1.67240333329999991
29552	20	52.8331868928000006	-6.93854615089999971
29553	20	40.7411605890000033	-8.57276916500000041
29554	20	51.5044017043000011	-0.757906436900000036
29555	20	49.4330709322000033	8.69559824469999931
29556	20	50.7308349608999976	-3.52777767180000001
29557	20	50.7308349608999976	-3.52777767180000001
29558	20	49.4415369999999967	8.70037400000000005
29559	20	48.5020996367000023	1.99261307719999992
29560	20	51.4508050000000026	-0.323647999999999991
29561	20	51.2911720000000031	0.175896999999999998
29562	20	51.2911720000000031	0.175896999999999998
29563	20	51.2646919999999966	0.214979000000000003
29564	20	51.2509360000000029	0.205766000000000004
29565	20	50.484653999999999	6.56660600000000017
29566	20	45.1511929999999992	8.32318399999999947
29567	20	45.138067999999997	10.4362390000000005
29568	20	50.7858990000000006	-1.35489199999999999
29569	20	52.2655650000000023	10.5357190000000003
29570	20	43.528576000000001	12.0907809999999998
29571	20	51.794710000000002	-0.658240000000000047
29572	20	61.1917830000000009	6.52437299999999976
29573	20	50.4511919999999989	6.44570199999999982
29574	20	57.3244322222000022	-4.44410608330000034
29575	20	63.6532690000000017	-148.812388999999996
29576	20	63.7519670000000005	-20.2208700000000015
29577	20	51.007262518600001	-3.25788302349999981
29578	20	40.7555059999999969	-4.02687500000000043
29579	20	51.8273969999999977	-3.10646999999999984
29580	20	48.1505110000000016	-120.859736999999996
29581	20	54.1579729999999984	10.4537049999999994
29582	20	51.1419639587000034	5.14856481550000034
29583	19	35.7430030000000016	127.493043999999998
29584	19	59.1968072000000021	17.6517851999999991
29585	19	56.3356917483000004	-2.80610561369999978
29586	19	41.1010063626000033	0.851778974799999977
29587	19	41.0986792109999968	0.85936845279999996
29588	19	-41.3464850000000013	174.786656666699997
29589	19	-43.6438574949999989	172.468335228099988
29590	19	-46.4545579097000001	168.459249406400005
29591	19	-43.6433794582999965	172.469738340199996
29592	19	-43.6433958000000004	172.469648699999993
29593	19	-43.6433323100999999	172.469765832799993
29594	19	-43.4833066383000002	171.962705351599993
29595	19	-41.7970716304999996	172.335744984400009
29596	19	-43.6433958000000004	172.469648699999993
29597	19	-46.4546904672000025	168.459043260700014
29598	19	-43.6433522171000021	172.469707243300007
29599	19	-43.6433023447999986	172.469716798700006
29600	19	-43.4833083281000015	171.962703134599991
29601	19	-43.643111406700001	172.466716243999997
29602	19	-43.6434365296999971	172.469320689099987
29603	19	52.265579328500003	10.5356747656999996
29604	19	48.3644327852999965	-0.0759172439999999948
29605	19	-40.6148291526000023	175.616262271000011
29606	19	-43.6433381284000035	172.469676664500014
29607	19	-43.6450671639000021	172.469109497200009
29608	19	-43.6433262102000015	172.469780826000004
29609	19	-43.6433005523999995	172.469972227299991
29610	19	-41.5018666667000033	173.961838333299994
29611	19	-43.6391582114000016	172.50297013010001
29612	19	-43.7528952603000008	172.30318381730001
29613	19	-43.5307585430999993	172.620030403599998
29614	19	-45.9614259370000013	168.056409008000003
29615	19	-43.6436548809000016	172.467010617299991
29616	19	-46.4053064379999967	168.351903185200001
29617	19	-43.6446008273999979	172.467882044800007
29618	19	-43.644317029699998	172.466192603499991
29619	19	-45.9443837568000006	169.232145208899993
29620	19	-41.242098578300002	172.826504074000013
29621	19	-41.2427248027000033	172.828048020000011
29622	19	-41.2958225662999965	174.6890623834
29623	19	33.1116309655999999	35.7958635028999979
29624	19	48.9903669999999991	8.59736999999999973
29625	19	52.2655759291000024	10.5356687306999994
29626	19	51.4708866666999967	12.3229833332999998
29627	19	41.5298309324999977	13.9735250472000008
29628	19	37.1857276705000004	-8.04133212910000061
29629	19	-40.3269431786999988	175.602611107900003
29630	19	-41.286405000000002	174.803329999999988
29631	19	38.445094423999997	-9.0564351196999997
29632	19	-37.0142111166999968	174.899216666699999
29633	19	-39.0733200000000025	174.104645000000005
29634	19	42.2913896381000001	27.7602893114000011
29635	19	50.0444450378000028	15.7563886641999993
29636	19	38.6619335879000019	-9.16654379929999941
29637	19	35.0226655657000023	25.8565807342999996
29638	19	-36.8795879999999983	174.668058000000002
29639	19	38.4444269685999984	-9.05684450939999941
29640	19	51.0883293151999993	3.71626996989999991
29641	19	51.5068192740000015	-0.167198213200000001
29642	19	49.0734509999999986	19.2731679999999983
29643	19	37.6091409779999992	-8.77257095749999927
29644	19	42.2822779163999982	27.7519798279000014
29645	19	44.4010171999999983	26.1338767999999995
29646	19	-36.8786643688000026	174.625576092599999
29647	19	45.7845874389999992	4.99187696729999963
29648	19	45.7175878624000021	9.81414440970000079
29649	19	-41.2842436508000006	173.135245777800009
29650	19	50.930111949999997	4.32311817999999981
29651	19	49.0686099999999996	2.01557666669999991
29652	19	-37.8234804164999971	177.615108490000011
29653	19	-37.9461322439999975	175.320790568299998
29654	19	-45.2572058000000013	169.394443800000005
29655	19	-45.0201336000000012	168.738069800000005
29656	19	49.4102041196999977	8.68555068969999944
29657	19	49.0447929999999985	8.80449100000000051
29658	19	43.7749999255999995	3.95376205360000021
29659	19	-38.9161188889000016	-71.3006177777999994
29660	19	-37.4859030000000004	175.156630000000007
29661	19	50.8358913000000001	4.5345418000000004
29662	19	52.2654840000000007	10.5357140000000005
29663	19	-42.8971099992999996	147.326493812100011
29664	19	45.4297660000000008	13.5208759999999995
29665	19	-36.475798333100002	174.257184999999993
29666	19	-43.567081444400003	172.705640383000002
29667	19	52.1644000000000005	-2.46676299999999982
29668	19	-42.7203875517	170.9634957106
29669	19	-43.5305366667000015	172.621491666699995
29670	19	-37.8244419087999972	177.614876358400011
29671	19	-40.9607148552999973	172.148502405800002
29672	19	-41.2961282857	174.748083858999991
29673	19	-41.2893595000000033	174.754656100000005
29674	19	-43.7921485900999983	172.349029540999993
29675	19	-36.8573569513999999	174.717423040499995
29676	19	-41.2678202999999968	174.760697800000003
29677	19	-41.2678202999999968	174.760697800000003
29678	19	-41.2907833332999985	174.753219999999999
29679	19	-45.7976396433999966	170.483307838400009
29680	19	-37.8458314895000001	175.250569568099991
29681	19	51.4306554678000012	-0.298360884200000009
29682	19	47.5342848944000025	1.79583189079999994
29683	19	-36.8407163060999991	174.651512046600004
29684	19	-41.267649736700001	174.756734090900011
29685	19	-41.2676018010999996	174.75684782510001
29686	19	-41.2672306715000019	174.756768911699993
29687	19	-41.2673737714000026	174.756641797899988
29688	19	-47.3565612000000016	-71.2317637000000019
29689	19	36.7705399999999969	-4.40462000000000042
29690	19	-34.9636298181000029	173.207779079000005
29691	19	-34.9636298181000029	173.207779079000005
29692	19	-41.6046610881999968	175.3266048431
29693	19	-44.6948763888999991	169.105326388900011
29694	19	-36.8530424267000001	174.858769805200012
29695	19	-41.753504963200001	171.587448147999993
29696	19	-45.8504864935000001	170.475901587999999
29697	19	-41.2881437540999983	174.845700727000008
29698	19	-36.9237130747999984	174.710458517099994
29699	19	-39.9353646459000018	175.064892321000002
29700	19	-43.5239599000000013	172.520014099999997
29701	19	-41.2185083333000009	174.811904999999996
29702	19	-41.2315299999999993	174.786346666700013
29703	19	-36.9237540000000024	174.710468999999989
29704	19	45.2443189999999973	13.6222069999999995
29705	19	-41.2941333333000031	174.732810000000001
29706	19	41.8683456632000031	12.4536654374999998
29707	19	54.3230519418000029	-1.4405365616000001
29708	19	-44.396115174400002	171.223424859000005
29709	19	40.161811645100002	9.50672507290000013
29710	19	-41.5714200000000034	172.513719000000009
29711	19	-35.8645429999999976	173.66946200000001
29712	19	-41.2946840326999975	174.792316854000006
29713	19	-41.2946477588999983	174.792375862
29714	19	-41.2946517892999978	174.792338311000009
29715	19	-41.2946396979999975	174.792383909199998
29716	19	-37.7981316667000016	175.269953333300009
29717	19	-43.5782564710999978	172.646554839000004
29718	19	42.9091870200999992	23.8131861299999983
29719	19	-37.8022057331999974	175.328965187499989
29720	19	-37.7720950000000002	175.218469999999996
29721	19	-37.6710309999999993	176.158039000000002
29722	19	-36.851936355600003	174.773120731000006
29723	19	-41.082417981799999	175.355747624600014
29724	19	50.518219000000002	-4.84347399999999961
29725	19	-35.2184367373000029	173.956103324899999
29726	19	-43.5377888889000033	172.744325000000003
29727	19	-36.8382082589000035	174.8560872093
29728	19	-43.5731055556000015	172.620727777799999
29729	19	-41.2956416541999971	174.745616912799989
29730	19	-39.6875395735999987	176.896426677699992
29731	19	-41.2944833333000005	174.832596666699999
29732	19	-37.5925900000000013	178.287438055600006
29733	19	-45.8481255530999974	170.498743414699987
29734	19	-43.5683149999999983	172.761550999999997
29735	19	42.2836750000000023	27.7464970000000015
29736	19	-46.4049302896999976	168.35194945340001
29737	19	-36.6956824999999967	174.974602299999987
29738	19	-37.7472283333000007	175.248686666699996
29739	19	-45.0311621999999971	168.662643500000001
29740	19	-45.0311621999999971	168.662643500000001
29741	19	-45.0311621999999971	168.662643500000001
29742	19	-41.755461915799998	171.598672270000009
29743	19	40.4630407790999982	19.4935476574000006
29744	19	-33.0354116667	-71.5931266667000017
29745	19	-41.2953514663999997	174.739866250299997
29746	19	-45.0201336000000012	168.738069800000005
29747	19	-45.0201336000000012	168.738069800000005
29748	19	-44.9824236999999982	168.809878900000001
29749	19	-45.0201336000000012	168.738069800000005
29750	19	-45.0201336000000012	168.738069800000005
29751	19	-43.5823419877999996	172.666295178799999
29752	19	-41.2931366667000006	174.734286666700001
29753	19	-43.5760333333000034	172.623825000000011
29754	19	-45.0201336000000012	168.738069800000005
29755	19	-45.0824301000000034	168.7205601
29756	19	-44.9824236999999982	168.809878900000001
29757	19	-45.0201336000000012	168.738069800000005
29758	19	51.4219966240000019	-0.147567850700000003
29759	19	-45.0201336000000012	168.738069800000005
29760	19	-33.0217712592000012	-71.5610441559999941
29761	19	-45.0209101717000024	168.730379382899997
29762	19	-45.2456999999999994	168.742905000000007
29763	19	42.3597814163999971	-3.68580847979999993
29764	19	25.7883379989999995	-100.350279807999996
29765	19	52.1859549999999999	0.135325000000000001
29766	19	-44.7031812999999971	169.132098100000007
29767	19	-37.486184999999999	175.156394000000006
29768	19	-40.1497493191000032	-71.3495034545999971
29769	19	47.7037350000000018	9.19540833329999963
29770	19	-43.5691111110999998	172.612213888899987
29771	19	-43.5578888889000027	172.579330555599995
29772	19	49.4354633977999995	8.67538377640000036
29773	19	50.9144794560999969	6.97264909739999972
29774	19	45.7874524420999975	4.87126205120000044
29775	19	49.415439733200003	8.6691637336999996
29776	19	-43.4865909999999971	172.697543999999994
29777	19	-36.9218153810000018	174.707025289499995
29778	19	51.7046714807000001	-0.361187271799999987
29779	19	-43.7434930000000008	172.874223999999998
29780	19	-36.4759796083000012	174.258486405000014
29781	19	48.8599468900000033	2.37776451
29782	19	-36.7530706000000009	174.721426000000008
29783	19	49.4466266117999993	8.68411034350000044
29784	19	59.3371216253	17.7926903506000009
29785	19	17.2302864124999999	-96.5977912768999971
29786	19	43.714018685500001	7.28275358720000021
29787	19	-36.9676364930000005	174.556563118199989
29788	19	-39.5963156082000012	176.901735097800014
29789	19	32.7675249999999991	35.7373800000000017
29790	19	-36.4699999999999989	174.25
29791	19	-36.4699999999999989	174.25
29792	19	-38.134602000000001	176.260299500000002
29793	19	-36.851345000000002	174.857908900000012
29794	19	-36.8603096000000008	174.869301799999988
29795	19	-44.1000000000000014	169.349999999999994
29796	19	-44.7031812999999971	169.132098100000007
29797	19	-44.9416876000000016	168.835862399999996
29798	19	-36.851345000000002	174.857908900000012
29799	19	-36.851345000000002	174.857908900000012
29800	19	-36.851345000000002	174.857908900000012
29801	19	51.6357459999999975	5.1336409999999999
29802	19	-36.8592230000000001	174.762596000000002
29803	19	49.0658089357999998	8.57302665709999978
29804	19	52.1859133333000003	0.135436166699999999
29805	19	55.9091614506000028	-2.94651554219999978
29806	19	48.0697640523999965	7.6492746449000002
29807	19	-49.3314941000000005	-72.8863249999999994
29808	19	47.6424653828999993	-3.47051602790000002
29809	19	-43.293142600000003	171.926982699999996
29810	19	50.7262533333000007	12.0596166667000002
29811	19	-43.7723841999999976	172.789620600000006
29812	19	53.3708742222000012	-6.15004519439999964
29813	19	44.1555221006999972	12.2627920270999997
29814	19	45.027746999999998	10.4721840000000004
29815	19	54.9161420000000007	-2.62702999999999998
29816	19	47.4994683606999999	19.0332180262000001
29817	19	47.4994683606999999	19.0332180262000001
29818	19	51.7460583332999988	-1.25801333330000009
29819	19	-43.1488280000000017	147.851751000000007
29820	19	42.6179780000000008	1.08214800000000011
29821	19	47.5013732187000031	19.0308308601
29822	19	51.316518333300003	12.6358816666999996
29823	19	52.5666799999999981	13.4190760000000004
29824	19	58.3798566999999977	26.7295543000000002
29825	19	40.5453249999999983	17.6872283332999984
29826	19	40.5643859999999989	-8.76203100000000035
29827	19	42.2832539999999995	27.7457090000000015
29828	19	52.5407560961999991	13.4334756341000006
29829	19	55.4078779999999966	30.7276589999999992
29830	19	44.4563330000000008	10.9850429999999992
29831	19	-36.8922480000000022	174.671889999999991
29832	19	-45.8605269999999976	170.519587999999999
29833	19	47.8039910000000035	13.7797210000000003
29834	19	-40.6624717712000034	175.161300659200009
29835	19	51.2951866666999976	12.6509049999999998
29836	19	-45.0444699999999969	168.632873999999987
29837	19	41.5566719999999989	13.0580890000000007
29838	19	-45.0444699999999969	168.632873999999987
29839	19	-38.0009236000000001	175.299612200000013
29840	19	-38.0009224000000003	175.299611800000008
29841	19	-45.0444699999999969	168.632873999999987
29842	19	-45.8592420000000018	170.521755000000013
29843	19	59.3565129999999996	18.1823729999999983
29844	19	-44.9737889999999965	168.854953999999992
29845	19	33.134014999999998	35.7751250000000027
29846	19	51.2971399999999988	12.6543333333000003
29847	19	59.2769109999999984	16.5452809999999992
29848	19	47.641191898999999	-3.47098467369999986
29849	19	43.6372959999999992	7.04509000000000007
29850	19	-36.910857	174.765597000000014
29851	19	-36.9110799999999983	174.765061000000003
29852	19	51.3038650000000018	12.4660200000000003
29853	19	55.4075369999999978	30.7288159999999984
29854	19	44.7030630000000002	8.58897999999999939
29855	19	59.1960929999999976	17.6519019999999998
29856	19	40.6186409999999967	8.19660799999999945
29857	19	-39.6771519999999995	177.037801000000002
29858	19	43.702651000000003	7.2218239999999998
29859	19	43.721262000000003	6.97555700000000023
29860	19	38.6637120549999977	-9.16816659270000045
29861	19	43.6977380000000011	6.9777079999999998
29862	19	-45.8784410000000022	170.349884000000003
29863	19	-41.0179911111000024	-71.8203605556000042
29864	19	-39.1291113889000002	-71.2767280556000031
29865	19	-39.1290894444000017	-71.2765863889000002
29866	19	-38.0008354186999995	175.29916381839999
29867	19	43.6249669999999981	7.12274600000000024
29868	19	43.6249669999999981	7.12274600000000024
29869	19	47.0031555556000029	6.95030277780000016
29870	19	48.0537020000000012	0.437199999999999978
29871	19	51.8243769999999984	11.0898079999999997
29872	19	41.0280569999999969	0.724604000000000026
29873	19	50.4870570000000001	6.5687300000000004
29874	19	-43.5051810000000003	172.627465000000001
29875	19	35.0207959999999972	25.8570360000000008
29876	19	-43.5051810000000003	172.627465000000001
29877	19	-39.1638138332999972	-71.719300000000004
29878	19	36.2453355150000007	-86.513036120600006
29879	19	-36.8951679999999982	174.786313000000007
29880	19	-53.1483111666999974	-70.9591133332999959
29881	19	-50.9768416666999968	-72.8899616667000032
29882	19	35.0426179999999974	25.6994679999999995
29883	19	36.7608999999999995	-4.42609999999999992
29884	19	-43.4952550000000002	172.673560000000009
29885	19	-44.3958909999999989	171.226087000000007
29886	19	-36.9215000000000018	174.665721999999988
29887	19	-44.3969719999999981	171.254973000000007
29888	19	52.1068909999999974	10.3916819999999994
29889	19	-50.8621466666999993	-72.9726200000000063
29890	19	-41.9101280000000003	171.455838999999997
29891	19	-41.3159330000000011	174.761018000000007
29892	19	-50.8660166666999984	-72.8936083332999942
29893	19	-36.9317810000000009	174.741064999999992
29894	19	-45.2438283333000015	169.355708333299987
29895	19	-40.901413333299999	172.402449999999988
29896	19	-43.4927780000000013	172.665273000000013
29897	19	-43.5079330000000013	172.679406999999998
29898	19	-41.3129616666999979	173.291886666700009
29899	19	33.133892000000003	35.7750460000000032
29900	19	-45.8702960000000033	170.538882999999998
29901	19	-37.8444060369999988	175.060727479099995
29902	19	43.7413150000000002	3.70691499999999996
29903	19	-38.6599179999999976	178.003599000000008
29904	19	-41.3386033333	173.18225000000001
29905	19	-41.3392924955999987	173.180730552400007
29906	19	-41.2864599999999982	174.776236000000011
29907	19	-39.7938630000000018	174.922577999999987
29908	19	-41.3184419999999974	173.228569999999991
29909	19	-37.8622853991000028	175.170194333500007
29910	19	-39.0676587151000021	174.105121778199987
29911	19	-34.7422690000000003	173.110629999999986
29912	19	52.2654959999999988	10.5357430000000001
29913	19	51.5333150000000018	-0.141062999999999994
29914	19	28.5316299999999998	-16.2518689999999992
29915	19	-40.8218710000000016	172.999599999999987
29916	19	-42.2908767419	-73.199404142800006
29917	19	-36.4760940000000033	175.389215000000007
29918	19	-42.7122314189999983	170.970062544200005
29919	19	-36.6755560000000003	174.719711999999987
29920	19	-41.2951416666999975	174.745031666699987
29921	19	-41.2959766666999997	174.744606666700008
29922	19	-41.2955883333000031	174.739253333300013
29923	19	42.4678710000000024	9.47522500000000001
29924	19	-42.7097884360999984	170.969617086900001
29925	19	-41.2956537399999988	174.771144170000014
29926	19	-40.8200069999999968	172.998400000000004
29927	19	-45.0292900000000031	168.647075000000001
29928	19	-40.8189899999999994	173.000499999999988
29929	19	-40.8148430000000033	172.999210000000005
29930	19	-41.6025109999999998	175.327280999999999
29931	19	-36.7699029400000015	174.676957689999995
29932	19	-39.9161089999999987	-73.5203360000000004
29933	19	-41.5649149999999992	172.520321999999993
29934	19	-45.7526201216999979	170.548817596899994
29935	19	-37.4859140000000011	175.156238999999999
29936	19	-39.6755830000000032	177.040686999999991
29937	19	-36.8156894995999977	174.733470357800002
29938	19	-36.8854910000000018	174.851967000000002
29939	19	-41.2937089999999998	174.835314000000011
29940	19	-42.577099859999997	-73.7594981600000068
29941	19	-40.3268910000000034	175.602473000000003
29942	19	43.4490800000000021	5.85540400000000005
29943	19	-42.5771604800000034	-73.7597163300000034
29944	19	35.0384719999999987	25.8733010000000014
29945	19	-40.3270020000000002	175.602463999999998
29946	19	-40.3269590000000022	175.602485000000001
29947	19	-35.4455400000000012	-72.4865269999999953
29948	19	-41.292977999999998	174.748127000000011
29949	19	-39.2000000000000028	173.983332999999988
29950	19	-43.5722110000000029	172.765779000000009
29951	19	-43.14085386	172.765479499999998
29952	19	32.8142059999999987	-17.2627069999999989
29953	19	-41.1301020000000008	172.648729000000003
29954	19	-41.2806509999999989	174.773856999999992
29955	19	-37.9993591308999967	175.31944274899999
29956	19	-43.5299600000000027	172.618795000000006
29957	19	-41.2676179999999988	174.756574000000001
29958	19	51.1638554999999968	-3.25610833329999982
29959	19	-41.2945366666999973	174.760956666699997
29960	19	-39.7038190000000029	176.901083
29961	19	-34.7520019999999974	173.138094999999993
29962	19	-43.5377664864999971	172.666450117000011
29963	19	-43.5376841245999984	172.666412605999994
29964	19	-43.5377898719999976	172.666323157300013
29965	19	-43.5385651582000008	172.666569740699998
29966	19	-43.5377693484999995	172.666348198999998
29967	19	-43.5377693484999995	172.666348198999998
29968	19	-43.5391440368000033	172.667598742199999
29969	19	-43.5383955942999989	172.668187529199997
29970	19	-43.5383649511000002	172.66797883000001
29971	19	-40.3268589999999989	175.602542999999997
29972	19	-42.577066723599998	-73.7575701624000004
29973	19	-43.5382434746000015	172.667699875199986
29974	19	-42.482150649700003	-73.7647239491000022
29975	19	-45.8541283332999967	170.533661666699999
29976	19	-45.8787749999999974	170.50453833329999
29977	19	-41.2795709999999971	174.774222000000009
29978	19	-42.5770440100000016	-73.7595513090000026
29979	19	-45.2904366667000033	169.341974999999991
29980	19	44.7829320000000024	-0.340233000000000008
29981	19	-40.3268679999999975	175.60254599999999
29982	19	45.9831860000000034	11.3023349999999994
29983	19	-41.2795789999999982	174.774265000000014
29984	19	44.7763520000000028	-0.378856999999999999
29985	19	52.1644000000000005	-2.46676299999999982
29986	19	-43.4598657036999967	172.474227473899987
29987	19	-40.3269850000000005	175.602463999999998
29988	19	-40.326906000000001	175.602609999999999
29989	19	-43.8019839999999974	172.973338000000012
29990	19	-40.3268910000000034	175.602587999999997
29991	19	-41.2887146899999991	174.778064050000012
29992	19	-40.326864999999998	175.60253800000001
29993	19	-41.2532849999999982	174.950514999999996
29994	19	-43.5564310000000035	172.586799000000013
29995	19	-40.3271200000000007	175.602443999999991
29996	19	-41.3068590000000029	174.004104000000012
29997	19	-41.3449340000000021	174.791251999999986
29998	19	46.1156130556000008	-0.349156388900000003
29999	19	-41.2939149999999984	174.732603000000012
30000	19	-41.2954733333000021	174.743635000000012
30001	19	51.4774269999999987	-0.308389999999999997
30002	19	51.2787080000000017	0.329465000000000008
30003	19	-40.3269730000000024	175.602469000000013
30004	19	-41.2931469999999976	174.751681999999988
30005	19	32.710441000000003	-16.9645259999999993
30006	19	52.285732000000003	-2.80679800000000013
30007	19	47.6765910000000019	13.0092649999999992
30008	19	51.2763300000000015	0.185575999999999991
30009	19	50.9054429999999982	-3.11907900000000016
30010	19	51.2640320000000003	0.192615000000000008
30011	19	54.8716399999999993	37.112600999999998
30012	19	51.2627439999999979	0.205221999999999988
30013	19	49.8141859999999994	6.64321099999999998
30014	19	-43.5859049999999968	172.78450833330001
30015	19	51.1460549999999969	-0.0807530000000000053
30016	19	-45.855992999999998	170.518776000000003
30017	19	51.2442883332999983	0.976011666699999947
30018	19	-41.0799230000000009	-71.5478569999999934
30019	19	52.1897442693000002	-1.70849572869999999
30020	19	-50.325997000000001	-72.2653669999999977
30021	19	-50.3277780000000021	-72.2718359999999933
30022	19	52.2655699999999968	10.5357280000000006
30023	19	-36.8702630000000013	175.544063999999992
30024	19	45.56318117	10.46583416
30025	19	37.2911939999999973	-7.54898000000000025
30026	19	-41.2837549999999993	174.740874999999988
30027	19	-36.8246919999999989	174.650161999999995
30028	19	-45.0884969999999967	170.982236999999998
30029	19	-38.1001940000000019	176.167058999999995
30030	19	-38.1348600000000033	176.244178000000005
30031	19	-36.8545489999999987	174.851306999999991
30032	19	52.2655910000000006	10.5358110000000007
30033	19	50.9232713000000032	-1.487595
30034	19	-41.1615949999999984	174.985030999999992
30035	19	50.5498990000000035	6.59902799999999967
30036	19	41.6514469999999974	2.69305299999999992
30037	19	-43.5303139999999971	172.621212000000014
30038	19	51.3045516667000001	12.4823433332999993
30039	19	51.2980349999999987	12.6514016667
30040	19	51.2976189999999974	12.6539219999999997
30041	19	-41.2802390000000017	174.738303999999999
30042	19	-45.0764899999999997	168.734439000000009
30043	19	-41.2779976300000015	174.017072369999994
30044	19	-46.9649519999999967	167.677888999999993
30045	19	-46.9649519999999967	167.677888999999993
30046	19	50.4824740000000034	6.46900399999999998
30047	19	-45.036206	168.66193899999999
30048	19	-43.8392660000000021	173.055485000000004
30049	19	44.4545249999999967	20.0754710000000003
30050	19	-43.5563390000000012	172.539251000000007
30051	19	51.8298040000000029	11.0763689999999997
30052	19	50.4749600000000029	6.52375500000000041
30053	19	50.4876580000000033	6.35290900000000036
30054	19	50.4412209999999988	6.44462199999999985
30055	19	59.9584232508000028	10.6468857448000005
30056	19	52.2697539999999989	10.5898979999999998
30057	19	-46.8881790000000009	168.146181000000013
30058	19	-36.8826150000000013	174.848770999999999
30059	19	49.8530628882000002	6.34529615220000043
30060	19	-45.8828699999999969	170.536955000000006
30061	19	-41.2961469999999977	174.747753999999986
30062	19	-36.8562879999999993	174.782969000000008
30063	19	-39.0645590000000027	174.029176000000007
30064	19	52.1144120000000015	10.3916070000000005
30065	19	-44.4212220000000002	171.241519000000011
30066	19	-44.4212220000000002	171.241519000000011
30067	19	-38.3838319999999982	178.328532999999993
30068	19	-37.8008049999999969	174.883100000000013
30069	19	-41.0518730000000005	175.065808000000004
30070	19	-41.2938279999999978	174.795195000000007
30071	19	-41.2957680000000025	174.833724999999987
30072	19	-41.2931319999999999	174.733722
30073	19	-45.8576189999999997	170.520258000000013
30074	19	-41.2910830000000004	174.798097000000013
30075	19	-45.847563000000001	170.499777999999992
30076	19	-45.8827783333000028	170.537125000000003
30077	19	-46.6556810000000013	169.101629000000003
30078	19	-41.2958383332999972	174.833658333300008
30079	19	-40.6328792480999965	175.195493678399998
30080	19	-41.0823070000000001	175.355507999999986
30081	19	-43.4843389999999985	172.690192999999994
30082	19	-41.295703333299997	174.833786666700007
30083	19	-45.8566450000000003	170.520036666700008
30084	19	-43.4612499999999997	172.590683000000013
30085	19	-41.0819249999999982	175.355529999999987
30086	19	-43.4873649999999969	172.694532000000009
30087	19	-41.2905850000000001	174.798843000000005
30088	19	-37.8666012401999978	174.891839420299988
30089	19	-43.5305600000000013	172.624447000000004
30090	19	-43.6604529999999968	172.619199000000009
30091	19	-43.3673280000000005	172.592864999999989
30092	19	-44.8429955800000002	170.643995189999998
30093	19	-45.860712999999997	170.524390000000011
30094	19	-41.2930216666999996	174.732786666700008
30095	19	-41.294825000000003	174.833953000000008
30096	19	-41.2930279999999996	174.831876999999992
30097	19	-41.2938740000000024	174.833379000000008
30098	19	-41.2938880000000026	174.833665999999994
30099	19	-41.2938609999999997	174.733665999999999
30100	19	-41.2938609999999997	174.733665999999999
30101	19	-41.2949160000000006	174.836110999999988
30102	19	-41.2911149999999978	174.797787
30103	19	-40.8791069999999976	174.989231999999987
30104	19	-41.2955079999999981	174.744969999999995
30105	19	-41.2955079999999981	174.744969999999995
30106	19	-41.2955079999999981	174.744969999999995
30107	19	-41.295459000000001	174.745013
30108	19	-41.2574749999999995	174.91241500000001
30109	19	-41.2837549999999993	174.740874999999988
30110	19	-41.2925759999999968	174.734373000000005
30111	19	-41.2941310000000001	174.737713000000014
30112	19	-41.2939379999999971	174.733507000000003
30113	19	-41.2939379999999971	174.733507000000003
30114	19	-41.2939379999999971	174.733507000000003
30115	19	-41.2939379999999971	174.733507000000003
30116	19	-41.2954429999999988	174.74492699999999
30117	19	-41.295459000000001	174.744969999999995
30118	19	-41.2954269999999966	174.744969999999995
30119	19	-41.2954110000000014	174.744969999999995
30120	19	-41.2944140000000033	174.834107999999986
30121	19	-41.295459000000001	174.744948999999991
30122	19	-41.295459000000001	174.744948999999991
30123	19	-41.295459000000001	174.744991999999996
30124	19	-41.2837549999999993	174.740874999999988
30125	19	-41.2837549999999993	174.740874999999988
30126	19	-41.3487220000000022	174.764071000000001
30127	19	-41.3005309999999994	174.744860999999986
30128	19	-41.3078580000000031	174.746261000000004
30129	19	-41.3067300000000017	174.741883000000001
30130	19	-41.2837549999999993	174.740874999999988
30131	19	-40.8755140000000026	175.066795000000013
30132	19	-41.2837549999999993	174.740874999999988
30133	19	-41.3442089999999993	174.789643000000012
30134	19	-43.5738380000000021	172.629165999999998
30135	19	-41.2954209999999975	174.742132999999995
30136	19	-41.2954209999999975	174.742132999999995
30137	19	-41.3444929999999999	174.776316000000008
30138	19	-41.2954429999999988	174.745162999999991
30139	19	-41.3005309999999994	174.744860999999986
30140	19	-41.3064540000000022	174.725425000000001
30141	19	-41.2837549999999993	174.740874999999988
30142	19	-41.2955609999999993	174.74510699999999
30143	19	-41.2954429999999988	174.745205999999996
30144	19	-41.2955680000000029	174.744754999999998
30145	19	-41.2954429999999988	174.745205999999996
30146	19	-41.2955079999999981	174.745227999999997
30147	19	-41.2926410000000033	174.747849000000002
30148	19	-41.2960660000000033	174.736297000000008
30149	19	-41.2960660000000033	174.736297000000008
30150	19	-41.2960660000000033	174.736297000000008
30151	19	-41.2960660000000033	174.736297000000008
30152	19	-41.2960660000000033	174.736297000000008
30153	19	-41.2960660000000033	174.736297000000008
30154	19	-41.2960660000000033	174.736297000000008
30155	19	-41.2960660000000033	174.736297000000008
30156	19	-41.2960660000000033	174.736297000000008
30157	19	-41.2960660000000033	174.736297000000008
30158	19	-41.2960660000000033	174.736297000000008
30159	19	-41.2960660000000033	174.736297000000008
30160	19	-41.2960660000000033	174.736297000000008
30161	19	-41.2960660000000033	174.736297000000008
30162	19	-41.2960660000000033	174.736297000000008
30163	19	-41.2960660000000033	174.736297000000008
30164	19	-41.2960660000000033	174.736297000000008
30165	19	-41.2960660000000033	174.736297000000008
30166	19	-41.2960660000000033	174.736297000000008
30167	19	-41.2960660000000033	174.736297000000008
30168	19	-41.2960660000000033	174.736297000000008
30169	19	-41.2960660000000033	174.736297000000008
30170	19	-41.2960660000000033	174.736297000000008
30171	19	-41.2960660000000033	174.736297000000008
30172	19	-41.2960660000000033	174.736297000000008
30173	19	-41.2960660000000033	174.736297000000008
30174	19	-41.2960660000000033	174.736297000000008
30175	19	-41.2960660000000033	174.736297000000008
30176	19	-41.2965919999999969	174.833067
30177	19	-41.2965919999999969	174.833067
30178	19	-41.2965919999999969	174.833067
30179	19	-41.2947460000000035	174.834150999999991
30180	19	-41.2947460000000035	174.834150999999991
30181	19	-41.2947460000000035	174.834150999999991
30182	19	-41.2947460000000035	174.834150999999991
30183	19	-41.2947460000000035	174.834150999999991
30184	19	-41.2947460000000035	174.834150999999991
30185	19	-41.2947460000000035	174.834150999999991
30186	19	-41.2947460000000035	174.834150999999991
30187	19	-41.2947460000000035	174.834150999999991
30188	19	-41.2947460000000035	174.834150999999991
30189	19	-41.2947460000000035	174.834150999999991
30190	19	-41.2947460000000035	174.834150999999991
30191	19	-41.2947460000000035	174.834150999999991
30192	19	-41.2947460000000035	174.834150999999991
30193	19	-40.9573970000000003	174.96847600000001
30194	19	-40.9662119999999987	174.963412000000005
30195	19	-41.3015139999999974	174.742613000000006
30196	19	-41.3015139999999974	174.742613000000006
30197	19	-41.3015139999999974	174.742613000000006
30198	19	-41.3015139999999974	174.742613000000006
30199	19	-41.3015139999999974	174.742613000000006
30200	19	-41.3015139999999974	174.742613000000006
30201	19	-41.3015139999999974	174.742613000000006
30202	19	-41.3015139999999974	174.742613000000006
30203	19	-41.3015139999999974	174.742613000000006
30204	19	-41.3015139999999974	174.742613000000006
30205	19	-41.3015139999999974	174.742613000000006
30206	19	-41.3015139999999974	174.742613000000006
30207	19	-41.3015139999999974	174.742613000000006
30208	19	-41.3015139999999974	174.742613000000006
30209	19	-41.3015139999999974	174.742613000000006
30210	19	-41.3015139999999974	174.742613000000006
30211	19	-41.3015139999999974	174.742613000000006
30212	19	-41.3015139999999974	174.742613000000006
30213	19	-41.3015139999999974	174.742613000000006
30214	19	-41.3015139999999974	174.742613000000006
30215	19	-41.3015139999999974	174.742613000000006
30216	19	-41.3015139999999974	174.742613000000006
30217	19	-41.3015139999999974	174.742613000000006
30218	19	-41.3015139999999974	174.742613000000006
30219	19	-41.3015139999999974	174.742613000000006
30220	19	-41.3015139999999974	174.742613000000006
30221	19	-41.3015139999999974	174.742613000000006
30222	19	-41.3015139999999974	174.742613000000006
30223	19	-41.3015139999999974	174.742613000000006
30224	19	-41.3015139999999974	174.742613000000006
30225	19	-41.3015139999999974	174.742613000000006
30226	19	-41.3015139999999974	174.742613000000006
30227	19	-41.3015139999999974	174.742613000000006
30228	19	-41.3015139999999974	174.742613000000006
30229	19	-41.3015139999999974	174.742613000000006
30230	19	-41.3015139999999974	174.742613000000006
30231	19	-41.3015139999999974	174.742613000000006
30232	19	-41.2847390000000019	174.825659999999999
30233	19	-41.2847390000000019	174.825659999999999
30234	19	-41.2847390000000019	174.825659999999999
30235	19	-41.2847390000000019	174.825659999999999
30236	19	-41.2847390000000019	174.825659999999999
30237	19	-41.2847390000000019	174.825659999999999
30238	19	-41.2847390000000019	174.825659999999999
30239	19	-41.3284939999999992	174.797575999999992
30240	19	-41.3284939999999992	174.797575999999992
30241	19	-41.2837549999999993	174.740874999999988
30242	19	-41.2837549999999993	174.740874999999988
30243	19	-41.2837549999999993	174.740874999999988
30244	19	-41.2837549999999993	174.740874999999988
30245	19	-41.2837549999999993	174.740874999999988
30246	19	-41.2837549999999993	174.740874999999988
30247	19	-41.2837549999999993	174.740874999999988
30248	19	-41.2837549999999993	174.740874999999988
30249	19	-41.3442089999999993	174.789643000000012
30250	19	-41.3442089999999993	174.789643000000012
30251	19	-41.3442089999999993	174.789643000000012
30252	19	-41.3442089999999993	174.789643000000012
30253	19	-41.3442089999999993	174.789643000000012
30254	19	-41.3442089999999993	174.789643000000012
30255	19	-41.3442089999999993	174.789643000000012
30256	19	-41.3442089999999993	174.789643000000012
30257	19	-41.3442089999999993	174.789643000000012
30258	19	-41.3442089999999993	174.789643000000012
30259	19	-41.3442089999999993	174.789643000000012
30260	19	-41.3442089999999993	174.789643000000012
30261	19	-41.3442089999999993	174.789643000000012
30262	19	-41.3442089999999993	174.789643000000012
30263	19	-41.3442089999999993	174.789643000000012
30264	19	-41.3442089999999993	174.789643000000012
30265	19	-41.3442089999999993	174.789643000000012
30266	19	-41.2913070000000033	174.794107999999994
30267	19	-41.2671610000000015	174.756718000000006
30268	19	-41.2644850000000005	174.755466000000013
30269	19	-41.0822360000000018	175.35548399999999
30270	19	-41.2938339999999968	174.833078
30271	19	-41.2959040000000002	174.740244999999987
30272	19	-41.2960330000000013	174.740287999999993
30273	19	-36.8305089999999993	-71.0835519999999974
30274	19	-36.8506550000000033	174.786890999999997
30275	19	-41.2955880000000022	174.74509900000001
30276	19	-41.2955880000000022	174.74509900000001
30277	19	-41.2955880000000022	174.74509900000001
30278	19	-41.2955880000000022	174.74509900000001
30279	19	-41.2955880000000022	174.74509900000001
30280	19	-41.2955880000000022	174.74509900000001
30281	19	-41.2955880000000022	174.74509900000001
30282	19	-41.2955880000000022	174.74509900000001
30283	19	-41.2955880000000022	174.74509900000001
30284	19	-41.2955880000000022	174.74509900000001
30285	19	-41.2955880000000022	174.74509900000001
30286	19	-41.2955880000000022	174.74509900000001
30287	19	-41.2955880000000022	174.74509900000001
30288	19	-41.2955880000000022	174.74509900000001
30289	19	-41.2955880000000022	174.74509900000001
30290	19	-41.2955880000000022	174.74509900000001
30291	19	-41.2955880000000022	174.74509900000001
30292	19	-41.2955880000000022	174.74509900000001
30293	19	-41.2955880000000022	174.74509900000001
30294	19	-41.2955880000000022	174.74509900000001
30295	19	-41.2955880000000022	174.74509900000001
30296	19	-41.2955880000000022	174.74509900000001
30297	19	-41.2955880000000022	174.74509900000001
30298	19	-41.2955880000000022	174.74509900000001
30299	19	-41.2955880000000022	174.74509900000001
30300	19	-41.2955880000000022	174.74509900000001
30301	19	-41.2955880000000022	174.74509900000001
30302	19	-41.2955880000000022	174.74509900000001
30303	19	-41.2955880000000022	174.74509900000001
30304	19	-41.2955880000000022	174.74509900000001
30305	19	-41.2955880000000022	174.74509900000001
30306	19	-41.2955880000000022	174.74509900000001
30307	19	-41.2955880000000022	174.74509900000001
30308	19	-41.2955880000000022	174.74509900000001
30309	19	-41.2955880000000022	174.74509900000001
30310	19	-41.2955880000000022	174.74509900000001
30311	19	-41.2955880000000022	174.74509900000001
30312	19	-41.2955880000000022	174.74509900000001
30313	19	-41.2955880000000022	174.74509900000001
30314	19	-41.2955880000000022	174.74509900000001
30315	19	-41.2955880000000022	174.74509900000001
30316	19	-41.2955880000000022	174.74509900000001
30317	19	-41.2955880000000022	174.74509900000001
30318	19	-41.2953630000000018	174.745141999999987
30319	19	-41.2953630000000018	174.745141999999987
30320	19	-41.2953630000000018	174.745141999999987
30321	19	-41.2953630000000018	174.745141999999987
30322	19	-41.2953630000000018	174.745141999999987
30323	19	-41.2953630000000018	174.745141999999987
30324	19	-41.2953630000000018	174.745141999999987
30325	19	-41.2953630000000018	174.745141999999987
30326	19	-41.2953630000000018	174.745141999999987
30327	19	-41.2953630000000018	174.745141999999987
30328	19	-41.2953630000000018	174.745141999999987
30329	19	-41.2953630000000018	174.745141999999987
30330	19	-41.2953630000000018	174.745141999999987
30331	19	-39.9564650000000015	-71.0703850000000017
30332	19	-43.5247019999999978	172.733262999999994
30333	19	-40.1508780357000035	175.983133657400003
30334	19	-45.8828583332999997	170.537033333300002
30335	19	-43.3671399999999991	172.587860000000006
30336	19	-41.7926059999999993	172.599749000000003
30337	19	-36.821829000000001	175.700439999999986
30338	19	-41.3306749999999994	174.76567
30339	19	-41.2921249999999986	174.733450000000005
30340	19	-43.6463937703000013	172.460922002800004
30341	19	-41.1995882679999994	175.190786601399992
30342	19	-41.2974770563000035	174.735574722299987
30343	19	-43.5429499999999976	172.619017000000014
30344	19	-43.5425109999999975	172.619348000000002
30345	19	-43.5447160000000011	172.617590000000007
30346	19	-43.5424539999999993	172.619326000000001
30347	19	-44.9423382416999999	168.825521748299991
30348	19	-39.0805110501000001	174.107079505900003
30349	19	-36.8787049999999965	174.854119999999995
30350	19	-37.4047532750999991	175.719017133300014
30351	19	-43.6450196102000021	172.469558715799991
30352	19	-45.8574574000000013	170.521136200000001
30353	19	-43.3674344215000005	172.592929601700007
30354	19	-43.2124912892000026	172.75274366139999
30355	19	-36.884490999999997	174.846810000000005
30356	19	-39.0329210000000018	176.814155
30357	19	-39.0476990000000015	176.786559000000011
30358	19	-43.5626999853000001	172.609534399500006
30359	19	-39.0732239001999986	174.105116128899994
30360	19	-41.0740922633999972	175.029489117299988
30361	19	-43.4703586551000001	172.685011178299987
30362	19	-41.2087351389999981	174.236158132599996
30363	19	-43.0735667447999973	172.684968262899986
30364	19	-43.3671965365999981	172.593002021300009
30365	19	-43.0723010282999965	172.681544423100007
30366	19	-41.2292899145000007	174.8797005415
30367	19	-37.0128179494999969	174.908536124600005
30368	19	-37.0127922484999985	174.908503938100012
30369	19	-41.3951724722000023	174.873718204400006
30370	19	-42.4819630000000004	172.392480000000006
30371	19	-36.8572180000000031	174.748712000000012
30372	19	-36.7554929000000001	174.715640100000002
30373	19	-43.5785939302000003	172.626484036400001
30374	19	-43.5438520000000011	172.620824999999996
30375	19	-43.5391159999999999	172.616766000000013
30376	19	-41.3166751597999991	174.7393986262
30377	19	-41.7752627823999987	172.877431511899999
30378	19	-43.5437500000000028	172.620672000000013
30379	19	-41.2823459999999969	173.241642000000013
30380	19	-41.2851089999999985	173.245906999999988
30381	19	-41.2517210000000034	173.110439000000014
30382	19	-43.535899999999998	172.619603000000012
30383	19	-43.3673236684999992	172.588106989900012
30384	19	-45.842056018000001	170.496469717999986
30385	19	-43.5797159999999977	172.633071000000001
30386	19	-37.6306666667000016	176.185333333300008
30387	19	-41.2932119999999969	174.734987999999987
30388	19	-43.4873186473000004	172.688308954200011
30389	19	-43.6439629568000029	173.086804971899994
30390	19	-43.5608002873999993	172.535964130499991
30391	19	-37.4793959618000017	175.6096576578
30392	19	-43.1644997224000022	172.737181484699988
30393	19	-37.5176821857999983	175.610620941200011
30394	19	-41.3317322979999986	174.791766725799988
30395	19	-41.3317320000000024	174.791766999999993
30396	19	-36.4600000000000009	174.25
30397	19	-37.7790000000000035	176.313833333300011
30398	19	-41.4007560000000012	175.150969000000003
30399	19	-43.6001907897000009	171.329727172899993
30400	19	-41.2678206000000003	174.761427200000014
30401	19	-37.4909802899000013	175.649337516799989
30402	19	-46.8997954032000024	168.129712343199998
30403	19	-46.8997954032000024	168.129712343199998
30404	19	-37.9266158308999977	175.538164079199987
30405	19	-43.4871240455999981	172.69413873549999
30406	19	-43.4823171836000029	172.695440947999998
30407	19	-45.8938384878999983	170.461155926099991
30408	19	-43.6386297410000026	172.749457955400004
30409	19	-36.8803927029999983	174.757598334499988
30410	19	-43.5238242806999978	172.561220169100011
30411	19	-41.4786190000000019	173.831344999999999
30412	19	51.3038110000000032	12.4872230000000002
30413	19	-41.326591999999998	174.793842000000012
30414	19	50.5369039999999998	6.42185200000000034
30415	19	40.5643790000000024	-8.76218800000000009
30416	19	55.8007539999999977	-4.04028700000000018
30417	19	55.5920270000000016	12.6817279999999997
30418	19	54.8847880000000004	-1.61344299999999996
30419	19	52.265543000000001	10.5356699999999996
30420	19	36.7747799999999998	-3.88886500000000002
30421	19	47.504258333300001	1.14880000000000004
30422	19	41.4680438644999967	2.22472466100000021
30423	19	50.7245220000000003	-2.00924799999999992
30424	19	41.4612766541999989	2.24434191360000002
30425	19	54.8847880000000004	-1.61344299999999996
30426	19	41.4648025016999995	2.22584581929999992
30427	19	52.2654539999999983	10.5357210000000006
30428	19	41.4497656189000026	2.24514012220000003
30429	19	-36.8448899999999995	175.803340999999989
30430	19	52.1644000000000005	-2.46676299999999982
30431	19	41.6881618199999977	2.63319473000000004
30432	19	-39.0211520000000007	175.710758999999996
30433	19	-36.788096000000003	175.044440000000009
30434	19	-42.8628569999999982	147.309419999999989
30435	19	51.5335499999999982	-0.139883000000000007
30436	19	-43.5331619999999972	172.634658000000002
30437	19	-43.764400000000002	172.927230000000009
30438	19	-43.565564000000002	172.755721999999992
30439	19	-43.5656139999999965	172.755857999999989
30440	19	49.5570889999999977	-1.64932300000000009
30441	19	5.36005250000000011	-72.3826473999999962
30442	19	36.7173459999999992	-4.96470599999999962
30443	19	48.1808601218999968	11.46053195
30444	19	53.5454841330999969	-2.9314076899999999
30445	19	50.3882795999999971	8.8884022999999992
30446	19	49.9474372864000031	-6.33233070370000029
30447	19	51.1419639587000034	5.14856481550000034
30448	18	21.2984916666999986	-157.820099999999996
30449	18	21.3840351794999997	-157.854086351599989
30450	18	20.6654446804999985	-156.435916638099997
30451	18	21.3953666666999993	-157.721571666699987
30452	17	30.2448065174999989	-97.8269722313000045
30453	17	29.6370120296999993	-82.3336074851000035
30454	17	26.6771501535999995	-80.6884788070999974
30455	17	42.4712333678999983	-76.4592514037999962
30456	17	27.2348353888999988	-100.125607027800001
30457	17	30.2422666667000009	-97.5798800000000028
30458	17	32.6690845173	-97.2894179884000039
30459	17	30.419722136299999	-90.0834747029999932
30460	17	32.9118767948000013	-117.125795951200004
30461	17	21.1450465570000006	-86.8768143653999942
30462	17	43.7118879000000007	-79.5061486999999971
30463	17	19.8039300000000011	-99.0930529999999976
30464	17	20.1010610000000014	-98.7591309999999964
30465	17	17.1689766667000008	-92.339916666700006
30466	17	30.1740549999999992	-95.5380949999999984
30467	17	30.1740749999999984	-95.5380866666999964
30468	17	29.7327699999999986	-95.3915166666999994
30469	17	30.7714944000000017	-86.543814900000001
30470	17	45.716906986799998	-65.4926347417000017
30471	17	25.5629730051000017	-103.425282141899999
30472	17	19.3402353194000014	-99.1650795677000048
30473	17	43.620860314799998	3.86273860580000017
30474	17	32.8972393869999991	-97.5468305484999973
30475	17	44.3556327820000007	-69.8015975951999934
30476	17	32.727921809999998	-117.011872659999995
30477	17	1.34441434990000008	103.802475929300002
30478	17	42.5180057899999966	-71.6818774900000051
30479	17	22.3264107000000003	114.212208099999998
30480	17	31.8567290000000014	-102.316689999999994
30481	17	10.5553094935999994	-75.4467203402000024
30482	17	38.634875000000001	-121.338076000000001
30483	17	10.4158969999999993	-75.5372710000000041
30484	17	30.5270469999999996	-86.4937730000000045
30485	17	30.4495611110999995	-86.5758266666999958
30486	17	30.5270469999999996	-86.4937730000000045
30487	17	30.5273092306000002	-86.4941612072999959
30488	17	30.4496083332999987	-86.5757216667000051
30489	17	1.3891119999999999	103.857358000000005
30490	17	33.2500289999999978	-117.409086000000002
30491	17	45.4382423929000012	-94.3607183201999931
30492	17	29.6936549999999997	-95.4142389999999949
30493	17	33.9336550000000017	-117.950501000000003
30494	17	20.6899049999999995	-103.386679999999998
30495	17	30.7378932167999999	-86.5357512302999936
30496	17	32.7739869999999982	-115.669464000000005
30497	17	30.7811050000000002	-86.5763383333000007
30498	17	30.7377889999999994	-86.5363339999999965
30499	17	26.1770566667000004	-98.1171583332999973
30500	17	36.0635069000000001	-94.1609212999999983
30501	17	40.7779540000000011	-74.4326310000000007
30502	17	22.326944000000001	114.212509999999995
30503	17	37.9577019999999976	-121.290779999999998
30504	17	-27.1392640000000007	-109.421612999999994
30505	17	44.6689080000000018	10.9930496600000005
30506	17	32.7739869999999982	-115.669464000000005
30507	17	40.5200000000000031	-74.5
30508	17	40.4833029999999994	-74.4377319999999969
30509	17	40.4975459999999998	-74.4571119999999951
30510	17	34.0625110000000006	-118.122848000000005
30511	17	13.7438749999999992	100.561725999999993
30512	17	37.7559970000000007	-122.423171999999994
30513	17	22.2659650000000013	114.141918000000004
30514	17	37.9765950000000032	-121.312110000000004
30515	17	19.3011139999999983	-99.1826420000000013
30516	17	21.4089957099999992	39.816666699999999
30517	17	42.6541432811999996	-76.9165219428000029
\.


--
-- Name: observations_id_seq; Type: SEQUENCE SET; Schema: public; Owner: genetics-api
--

SELECT pg_catalog.setval('observations_id_seq', 30517, true);


--
-- Data for Name: phylogenetic_images; Type: TABLE DATA; Schema: public; Owner: genetics-api
--

COPY phylogenetic_images (taxon1_id, taxon2_id, image_url) FROM stdin;
\.


--
-- Data for Name: taxons; Type: TABLE DATA; Schema: public; Owner: genetics-api
--

COPY taxons (id, english_name, latin_name, thumbnail_url, taxonomy, gene, sequence) FROM stdin;
18	Pacific beetle cockroach	Diploptera punctata	https://farm4.staticflickr.com/3892/14864172057_986e095516.jpg	{"class": "Insecta", "genus": "Diplotpera", "order": "Blattodea", "family": "Blaberidae", "phylum": "Arthropoda", "kingdom": "Animalia", "subphylum": "Hexapoda"}	EF1alpha	FEKEAQEMGKGSFKYAWVLDKLKAERERGITIDIALWKFETSKYYVTIIDAPGHRDFIKNMITGTSQADCAVLIVAAGTGEFEAGISKNGQTREHALLAFTLGVKQLIVGVNKMDSTEPPYSETRFEEIKKEVSNYIKKIGYNPAAVAFVPISGWHGDNMLEHSDKMSWFKGWSIDRKEGKAEGKCLIEALDAILPPSRPTEKPLRLPLQDVYKIGGIGTVPVGRVETGVLKPGMVVTFAPANLTTEVKSVEMHHEALQEAVPGDNVGFNVKNVSVKELRRGYVAGDSKNNPPRGAADFIAQVIVLNHPGQISNGYTPVLDCHTAHIACKFAEIKEKCDRRTGKTTEENPKSIKSGDAAIVNLVPSKPMCVESFQEFPPLGRFAVRDMRQTVAVGVIKSVTAKEATSGKVTKAAEKAQKKK
19	Buff-tailed Bumblebee	Bombus terrestris	https://static.inaturalist.org/photos/1057103/medium.JPG?1408351282	{"class": "Insecta", "genus": "Bombus", "order": "Hymenoptera", "family": "Apidae", "phylum": "Arthropoda", "kingdom": "Animalia", "subphylum": "Hexapoda"}	EF1alpha	KFEKEAQEMGKGSFKYAWVLDKLKAERERGITIDIALWKFETAKYYVTIIDAPGHRDFIKNMITGTSQADCAVLIVAAGIGEFEAGISKNGQTREHALLAFTLGVKQLIVGVNKMDMTDPPYSEARFEEIKKEVSSYIKKIGYNTASVAFVPISGWHGDNMLEPSPNTPWYKGWKVERKDSNADGKTLIEALDAILPPSRPTDKALRLPLQDVYKIGGIGTVPVGRVETGILKPGMLVTVAPAALTTEVKSVEMHHEALTEALPGDNVGFNVKNISVKELRRGYVAGDSKNQPPRGAADFTAQVIVLNHPGQISNGYTPVLDCHTAHIACKFAEIKEKCDRRTGKTTEENPKSIKSGDAAIVMLQPTKPMCVEAFQEFPPLGRFA
24	Corn Earworm Moth	Helicoverpa zea	https://farm8.staticflickr.com/7459/11059341145_7f822d7f22.jpg	{"class": "Insecta", "genus": "Helicoverpa", "order": "Lepidoptera", "family": "Noctuidae", "phylum": "Arthropoda", "kingdom": "Animalia", "subphylum": "Hexapoda"}	EF1alpha	HVDSGKSTTTGHLIYKCGGIDKRTIEKFEKEAQEMGKGSFKYAWVLDKLKAERERGITIDIALWKFETAKYYVTIIDAPGHRDFIKNMITGTSQADCAVLIVAAGTGEFEAGISKNGQTREHALLAFTLGVKQLIVGVNKMDSTEPPYSESRFEEIKKEVSSYIKKIGYNPAAVAFVPISGWHGDNMLEASTKMPWFKGWNVERKEGKAEGKCLIEALDAILPPARPTDKALRLPLQDVYKIGGIGTVPVGRVETGILKPGTIVVFAPANITTEVKSVEMHHEALQEAVPGDNVGFNVKNVSVKELRRGYVAGDSKNNPPKGAADFTAQVIVLNHPGQISNGYTPVLDCHTAHIACKFAEIKEKVDRRTGKSTEDNPKSIKSGDAAIVNLVPSKPLCVESFQEFPPLGRFAVR
25	Spanish Festoon	Zerynthia rumina	https://farm5.staticflickr.com/4042/4458199688_c41f720244.jpg	{"class": "Insecta", "genus": "Zerynthia", "order": "Lepidoptera", "family": "Papilionidae", "phylum": "Arthropoda", "kingdom": "Animalia", "subphylum": "Hexapoda"}	EF1alpha	KSTTTGHLIYKCGGIDKRTIEKFEKEAQEMGKGSFKYAWVLDKLKAERERGITIDIALWKFETSKYYVTIIDAPGHRDFIKNMITGTSQADCAVLIVAAGTGEFEAGISKNGQTREHALLAFTLGVKQLIVGVNKMDSTEPPYSESRFEEIKKEVSSYIKKIGYNPAAVAFVPISGWHGDNMLEPSTKMPWFKGWQVERKEGKAEGKCLIEALDAILPPARPTDKALRLPLQDVYKIGGIGTVPVGRVETGVLKPGTIVVFAPANITTEVKSVEMHHEALQEAVPGDNVGFNVKNVSVKELRRGYVAGDSKNNPPKGAADFTAQVIVLNHPGQISNGYTPVLDCHTAHIACKFAEIKEKVDRRTGKSTEENPKSIKSGDAAIVNLVPSKPLCVESFQEFPPLGRFAVR
22	Green Cutworm Moth	Anicla infecta	https://farm9.staticflickr.com/8607/16531684829_f0a15884c1.jpg	{"class": "Insecta", "genus": "Anicla", "order": "Lepidoptera", "family": "Noctuidae", "phylum": "Arthropoda", "kingdom": "Animalia", "subphylum": "Hexapoda"}	EF1alpha	HVDSGKSTTTGHLIYKCGGIDKRTIEKFEKEAQEMGKGSFKYAWVLDKLKAERERGITIDIALWKFETAKYYVTIIDAPGHRDFIKNMITGTSQADCAVLIVAAGTGEFEAGISKNGQTREHALLAFTLGVKQLIVGVNKMDSTEPPYSESRFEEIKKEVSSYIKKIGYNPAAVAFVPISGWHGDNMLEASTKMPWFKGWNVERKEGKAEGKCLIEALDAILPPARPTDKALRLPLQDVYKIGGIGTVPVGRVETGILKPGTIVVFAPANITTEVKSVEMHHEALQEAVPGDNVGFNVKNVSVKELRRGYVAGDSKNNPPKGAADFTAQVIVLNHPGQISNGYTPVLDCHTAHIACKFAEIKEKVDRRTGKSTEDNPKSIKSGDAAIVNLVPSKPLCVESFQEFPPLGRFAVR
23	Fall Armyworm Moth	Spodoptera frugiperda	https://farm6.staticflickr.com/5537/11112136616_57de5ec185.jpg	{"class": "Insecta", "genus": "Spodoptera", "order": "Lepidoptera", "family": "Noctuidae", "phylum": "Arthropoda", "kingdom": "Animalia", "subphylum": "Hexapoda"}	EF1alpha	HVDSGKSTTTGHLIYKCGGIDKRTIEKFEKEAQEMGKGSFKYAWVLDKLKAERERGITIDIALWKFETAKYYVTIIDAPGHRDFIKNMITGTSQADCAVLIVAAGTGEFEAGISKNGQTREHALLAFTLGVKQLIVGVNKMDSTEPPYSESRFEEIKKEVSSYIKKIGYNPAAVAFVPISGWHGDNMLEASTKMPWFKGWNVERKEGKAEGKCLIEALDAILPPARPTDKPLRLPLQDVYKIGGIGTVPVGRVETGILKPGTIVVFAPANITTEVKSVEMHHEALQEAVPGDNVGFNVKNVSVKELRRGYVAGDSKNNPPKGAADFTAQVIVLNHPGQISNGYTPVLDCHTAHIACKFAEIKEKVDRRTGKSTEDNPKSIKSGDAAIVNLVPSKPLCVESFQEFPPLGRFAVR
26	Tropical Tiger Moth	Asota caricae	https://static.inaturalist.org/photos/4304/medium.jpg?1444934279	{"class": "Insecta", "genus": "Asota", "order": "Lepidoptera", "family": "Erebidae", "phylum": "Arthropoda", "kingdom": "Animalia", "subphylum": "Hexapoda"}	EF1alpha	HVDSGKSTTTGHLIYKCGGIDKRTIEKFEKEAQEMGKGSFKYAWVLDKLKAERERGITIDIALWKFETAKYYVTIIDAPGHRDFIKNMITGTSQADCAVLIVAAGTGEFEAGISKNGQTREHALLAFTLGVKQLIVGVNKMDSTEPPYSESRFEEIKKEVSSYIKKIGYNPAAVAFVPISGWHGDNMLEASTKMPWFKGWNVERKEGKAEGKCLIEALDAILPPARPTDKPLRLPLQDVYKIGGIGTVPVGRVETGILKPGTIVVFAPANITTEVKSVEMHHEALQEAVPGDNVGFNVKNVSVKELRRGYVAGDSKNNPPKGAADFTAQVIVLNHPGQISNGYTPVLDCHTAHIACKFAEIKEKVDRRTGKSTEDNPKSIKSGDAAIVNLVPSKPLCVESFQEFPPLGRFAVR
27	Cyril's Brown	Argynnina cyrila	https://farm4.staticflickr.com/3498/4070405365_429dc854e9.jpg	{"class": "Insecta", "genus": "Argynnina", "order": "Lepidoptera", "family": "Nymphalidae", "phylum": "Arthropoda", "kingdom": "Animalia", "subphylum": "Hexapoda"}	EF1alpha	STTTGHLIYKCGGIDKRTIEKFEKEAQEMGKGSFKYAWVLDKLKAERERGITIDIALWKFETARYYVTIIDAPGHRDFIKNMITGTSQADCAVLIVAAGTGEFEAGISKNGQTREHALLAFTLGVKQLIVGVNKMDSTEPPYSEPRFEEIKKEVSSYIKKIGYNPLAVAFVPISGWHGDNMLEPSTKMPWFKGWQVERKEGKADGKCLIEALDAILPPARPTDKALRLPLQDVYKIGGIGTVPVGRVETGVLKPGTIVVFAPANITTEVKSVEMHHEALPEAVPGDNVGFNVKNVSVKELRRGYVAGDSKNNPPKGAADFTAQVIVLNHPGQISNGYTPVLDCHTAHIACKFAEIKEKVDRRSGKSTEDNPKSIKSGDAAIVNLVPTKPLCVEAFQEFPPLGRFAVR
28	Dark Blue Jungle Glory	Thaumantis klugius	https://farm4.staticflickr.com/3745/8860704968_9f22abbba1.jpg	{"class": "Insecta", "genus": "Thaumantis", "order": "Lepidoptera", "family": "Nymphalidae", "phylum": "Arthropoda", "kingdom": "Animalia", "subphylum": "Hexapoda"}	EF1alpha	HVDSGKSTTTGHLIYKCGGIDKRTIEKFEKEAQEMGKGSFKYAWVLDKLKAERERGITIDIALWKFETAKYYVTIIDAPGHRDFIKNMITGTSQADCAVLIVAAGTGEFEAGISKNGQTREHALLAFTLGVKQLIVGVNKMDSTEPPYSEPRFEEIKKEVSSYIKKIGYNPAAVAFVPISGWHGDNMLEASTKMPWFKGWQVERKEGKAEGKCLIEALDAILPPARPTDKALRLPLQDVYKIGGIGTVPVGRVETGILKPGTIVVFAPANITTEVKSVEMHHEALPEAVPGDNVGFNVKNVSVXELRRGYVAGDSKNNPPKGAADFTAQVIVLNHPGQISNGYTPVLDCHTAHIACKFAEIKEKVDRRSGKSTEDNPKSIKSGDAAIVNLVPSKPLCVEAFQEFPPLGRFAVR
29	Bushveld Purple Tip	Colotis ione	https://static.inaturalist.org/photos/634530/medium.jpg?1389448240	{"class": "Insecta", "genus": "Colotis", "order": "Lepidoptera", "family": "Pteridae", "phylum": "Arthropoda", "kingdom": "Animalia", "subphylum": "Hexapoda"}	EF1alpha	KSTTTGHLIYKCGGIDKRTIEKFEKEAQEMGKGSFKYAWVLDKLKAERERGITIDIALWKFETSKYYVTIIDAPGHRDFIKNMITGTSQADCAVLIVAAGTGEFEAGISKNGQTREHALLAFTLGVKQLIVGVNKMDSTEPPYSESRFEEIKKEVSSYIKKIGYNPAAVAFVPISGWHGDNMLEASTKMPWFKGWQVERKEGKAEGKCLIEALDAILPPARPTDKALRLPLQDVYKIGGIGTVPVGRVETGVLKPGTIVVFAPANITTEVKSVEMHHEALQEAVPGDNVGFNVKNVSVKELRRGYVAGDSKRDPPKGAADFTAQVIVLNHPGQISNGYTPVLDCHTA
20	White-tailed Bumblebee	Bombus lucorum	https://farm3.staticflickr.com/2503/3856147137_0d42360d71.jpg	{"class": "Insecta", "genus": "Bombus", "order": "Hymenoptera", "family": "Apidae", "phylum": "Arthropoda", "kingdom": "Animalia", "subphylum": "Hexapoda"}	EF1alpha	KFEKEAQEMGKGSFKYAWVLDKLKAERERGITIDIALWKFETAKYYVTIIDAPGHRDFIKNMITGTSQADCAVLIVAAGIGEFEAGISKNGQTREHALLAFTLGVKQLIVGVNKMDMTDPPYSEARFEEIKKEVSSYIKKIGYNTASVAFVPISGWHGDNMLEPSPNTPWYKGWKVERKDSNADGKTLIEALDAILPPSRPTDKALRLPLQDVYKIGGIGTVPVGRVETGILKPGMLVTFAPAALTTEVKSVEMHHEALTEALPGDNVGFNVKNISVKELRRGYVAGDSKNQPPRGAADFTAQVIVLNHPGQISNGYTPVLDCHTAHIACKFAEIKEKCDRRTGKTTEENPKSIKSGDAAIVMLQPTKPMCVEAFQEFPPLGRFA
21	Common Fruit Fly	Drosophila melanogaster	https://farm1.staticflickr.com/31/54275159_1a756047cf.jpg	{"class": "Insecta", "genus": "Drosophilia", "order": "Diptera", "family": "Drosophilidae", "phylum": "Arthropoda", "kingdom": "Animalia", "subphylum": "Hexapoda"}	EF1alpha	MGKEKIHINIVVIGHVDSGKSTTTGHLIYKCGGIDKRTIEKFEKEAQEMGKGSFKYAWVLDKLKAERERGITIDIALWKFETSKYYVTIIDAPGHRDFIKNMITGTSQADCAVLIVAAGTGEFEAGISKNGQTREHALLAFTLGVKQLIVGVNKMDSTEPPYSEARYEEIKKEVSSYIKKIGYNPASVAFVPISGWHGDNMLEPSEKMPWFKGWSVERKEGKAEGKCLIDALDAILPPQRPTDKPLRLPLQDVYKIGGIGTVPVGRVETGLLKPGMVVNFAPVNLVTEVKSVEMHHEALTEAMPGDNVGFNVKNVSVKELRRGYVAGDSKNNPPRGAADFTAQVIVLNHPGQIANGYTPVLDCHTAHIACKFSEIKEKCDRRTGKTTETEPKAIKSGDAAIIVLVPSKPLCVESFQEFPPLGRFAVRDMRQTVAVGVIKSVNFKETTSGKVTKAAEKAQKKK
17	German Cockroach	Blattella germanica	https://farm7.staticflickr.com/6177/6138700304_6eff30e5b3.jpg	{"class": "Insecta", "genus": "Blatella", "order": "Blattodea", "family": "Ectobiidae", "phylum": "Arthropoda", "kingdom": "Animalia", "subphylum": "Hexapoda"}	EF1alpha	MGKEKIHINIVVIGHVDSGKSTTTGHLIYKCGGIDKRTIEKFEKEAQEMGKGSFKYAWVLDKLKAERERGITIDIALWKFETSKYYVTIIDAPGHRDFIKNMITGTSQADCAVLIVAAGTGEFEAGISKNGQTREHALLAFTLGVKQLIVGVNKMDSTEPPYSEARFEEIKKEVSNYIKKIGYNPAAVAFVPISGWHGDNMLEHSDKMSWFKGWSIERKEGKAEGKCLIEALDAILPPSRPTEKPLRLPLQDVYKIGGIGTVPVGRVETGVLKPGMVVTFAPANLTTEVKSVEMHHEALQEAVPGDNVGFNVKNVSVKELRRGYVAGDSKNNPPKGAADFIAQVIVLNHPGQISNGYTPVLDCHTAHIACKFAEIKEKCDRRTGKTTEENPKSIKSGDAAIVNLVPSKPMCVESFQEFPPLGRFAVRDMRQTVAVGVIKSVVTKDTTSGKVTKAAEKAQKKK
30	Housefly	Musca domestica	https://static.inaturalist.org/photos/1317615/medium.jpg?1444658149	{"class": "Insecta", "genus": "Musca", "order": "Diptera", "family": "Muscidae", "phylum": "Arthropoda", "kingdom": "Animalia", "subphylum": "Hexapoda"}	EF1alpha	ETSKYYVTIIDAPGHRDFIKNMITGTSQADCAVLIVAAGTGEFEAGISKNGQTREHALLAFTLGVKQLIVGVNKMDSSEPPYSEARYEEIKKEVSSYIKKIGYNPAAVAFVPISGWHGDNMLEASTNMNWFKGWKIERKEGNAEGKTLIEALDAILPPTRPTDKPLRLPLQDVYKIGGIGTVPVGRVETGVLKPGTVVVFAPANITTEVKSVEMHHEALAEAVPGDNVGFNVKNVSVKELRRGYVAGDSKASPPKGAADFTAQVIVLNHPGQICNGYTPVLDCHTAHIACKFAEIKEKVDRRSGKTTEENPKFIKSGDAAIVNLVPSKP
\.


--
-- Name: taxons_id_seq; Type: SEQUENCE SET; Schema: public; Owner: genetics-api
--

SELECT pg_catalog.setval('taxons_id_seq', 30, true);


--
-- Name: biotic_factors_pkey; Type: CONSTRAINT; Schema: public; Owner: genetics-api
--

ALTER TABLE ONLY biotic_factors
    ADD CONSTRAINT biotic_factors_pkey PRIMARY KEY (id);


--
-- Name: observations_pkey; Type: CONSTRAINT; Schema: public; Owner: genetics-api
--

ALTER TABLE ONLY observations
    ADD CONSTRAINT observations_pkey PRIMARY KEY (id);


--
-- Name: taxons_pkey; Type: CONSTRAINT; Schema: public; Owner: genetics-api
--

ALTER TABLE ONLY taxons
    ADD CONSTRAINT taxons_pkey PRIMARY KEY (id);


--
-- Name: biotic_factors___taxon1_id__fk; Type: FK CONSTRAINT; Schema: public; Owner: genetics-api
--

ALTER TABLE ONLY biotic_factors
    ADD CONSTRAINT biotic_factors___taxon1_id__fk FOREIGN KEY (taxon1_id) REFERENCES taxons(id) ON UPDATE CASCADE ON DELETE CASCADE;


--
-- Name: biotic_factors___taxon2_id__fk; Type: FK CONSTRAINT; Schema: public; Owner: genetics-api
--

ALTER TABLE ONLY biotic_factors
    ADD CONSTRAINT biotic_factors___taxon2_id__fk FOREIGN KEY (taxon2_id) REFERENCES taxons(id) ON UPDATE CASCADE ON DELETE CASCADE;


--
-- Name: observations___taxon_id__fk; Type: FK CONSTRAINT; Schema: public; Owner: genetics-api
--

ALTER TABLE ONLY observations
    ADD CONSTRAINT observations___taxon_id__fk FOREIGN KEY (taxon_id) REFERENCES taxons(id) ON UPDATE CASCADE ON DELETE CASCADE;


--
-- Name: phylogenetic_images___taxon1_id__fk; Type: FK CONSTRAINT; Schema: public; Owner: genetics-api
--

ALTER TABLE ONLY phylogenetic_images
    ADD CONSTRAINT phylogenetic_images___taxon1_id__fk FOREIGN KEY (taxon1_id) REFERENCES taxons(id) ON UPDATE CASCADE ON DELETE CASCADE;


--
-- Name: phylogenetic_images___taxon2_id__fk; Type: FK CONSTRAINT; Schema: public; Owner: genetics-api
--

ALTER TABLE ONLY phylogenetic_images
    ADD CONSTRAINT phylogenetic_images___taxon2_id__fk FOREIGN KEY (taxon2_id) REFERENCES taxons(id) ON UPDATE CASCADE ON DELETE CASCADE;


--
-- Name: public; Type: ACL; Schema: -; Owner: postgres
--

REVOKE ALL ON SCHEMA public FROM PUBLIC;
REVOKE ALL ON SCHEMA public FROM postgres;
GRANT ALL ON SCHEMA public TO postgres;
GRANT ALL ON SCHEMA public TO PUBLIC;


--
-- PostgreSQL database dump complete
--

